disaster,label_id,building_id,scene_id,source_subset,pre_image,post_image
nepal-flooding,0,nepal-flooding_00000001__00825c05-538a-4b3f-ba20-fc5c9ce577bf,nepal-flooding_00000001,tier3,images/nepal-flooding_00000001_pre_disaster.png,images/nepal-flooding_00000001_post_disaster.png
nepal-flooding,1,nepal-flooding_00000002__3dfbe567-9e42-4b3c-b796-d5e21091746e,nepal-flooding_00000002,tier3,images/nepal-flooding_00000002_pre_disaster.png,images/nepal-flooding_00000002_post_disaster.png
nepal-flooding,2,nepal-flooding_00000004__d65abe58-2a8c-4583-a048-7a2a7a85503f,nepal-flooding_00000004,tier3,images/nepal-flooding_00000004_pre_disaster.png,images/nepal-flooding_00000004_post_disaster.png
nepal-flooding,3,nepal-flooding_00000004__67a76847-107b-41b1-9edb-950bc0b954af,nepal-flooding_00000004,tier3,images/nepal-flooding_00000004_pre_disaster.png,images/nepal-flooding_00000004_post_disaster.png
guatemala-volcano,0,guatemala-volcano_00000000__139cf2c8-ad52-4739-82b5-bb646b215e76,guatemala-volcano_00000000,train,images/guatemala-volcano_00000000_pre_disaster.png,images/guatemala-volcano_00000000_post_disaster.png
guatemala-volcano,1,guatemala-volcano_00000001__44c46607-b263-4936-a025-aa02ab36cb8d,guatemala-volcano_00000001,train,images/guatemala-volcano_00000001_pre_disaster.png,images/guatemala-volcano_00000001_post_disaster.png
guatemala-volcano,2,guatemala-volcano_00000004__104d384e-412b-4a72-8361-3c6c75cafdf0,guatemala-volcano_00000004,hold,images/guatemala-volcano_00000004_pre_disaster.png,images/guatemala-volcano_00000004_post_disaster.png
guatemala-volcano,3,guatemala-volcano_00000002__ef81591e-659f-430b-ad80-90aa5a493874,guatemala-volcano_00000002,train,images/guatemala-volcano_00000002_pre_disaster.png,images/guatemala-volcano_00000002_post_disaster.png
sunda-tsunami,0,sunda-tsunami_00000001__000e0d75-47e1-4cec-8375-191747fe0672,sunda-tsunami_00000001,tier3,images/sunda-tsunami_00000001_pre_disaster.png,images/sunda-tsunami_00000001_post_disaster.png
sunda-tsunami,2,sunda-tsunami_00000005__581081dc-f075-45b0-9320-825b7aa229ea,sunda-tsunami_00000005,tier3,images/sunda-tsunami_00000005_pre_disaster.png,images/sunda-tsunami_00000005_post_disaster.png
sunda-tsunami,3,sunda-tsunami_00000005__0ac3cea1-a6c6-4b41-9bf7-dd987c41b303,sunda-tsunami_00000005,tier3,images/sunda-tsunami_00000005_pre_disaster.png,images/sunda-tsunami_00000005_post_disaster.png
santa-rosa-wildfire,0,santa-rosa-wildfire_00000000__0007d2df-182f-406c-8c17-555d6ede7c1a,santa-rosa-wildfire_00000000,test,images/santa-rosa-wildfire_00000000_pre_disaster.png,images/santa-rosa-wildfire_00000000_post_disaster.png
santa-rosa-wildfire,1,santa-rosa-wildfire_00000006__4ee1e45d-50ac-43a0-a045-475464907bcb,santa-rosa-wildfire_00000006,train,images/santa-rosa-wildfire_00000006_pre_disaster.png,images/santa-rosa-wildfire_00000006_post_disaster.png
santa-rosa-wildfire,2,santa-rosa-wildfire_00000005__6e7ad1c1-6127-46bf-a118-22575b68216c,santa-rosa-wildfire_00000005,train,images/santa-rosa-wildfire_00000005_pre_disaster.png,images/santa-rosa-wildfire_00000005_post_disaster.png
santa-rosa-wildfire,3,santa-rosa-wildfire_00000004__170606c9-06ee-4cc1-b73f-07389cc0fe18,santa-rosa-wildfire_00000004,train,images/santa-rosa-wildfire_00000004_pre_disaster.png,images/santa-rosa-wildfire_00000004_post_disaster.png
hurricane-matthew,0,hurricane-matthew_00000000__3bd16a54-cca3-4398-bc45-80a6e75bb03f,hurricane-matthew_00000000,train,images/hurricane-matthew_00000000_pre_disaster.png,images/hurricane-matthew_00000000_post_disaster.png
hurricane-matthew,1,hurricane-matthew_00000000__00e218e2-d2c9-46f2-9777-975b401e8245,hurricane-matthew_00000000,train,images/hurricane-matthew_00000000_pre_disaster.png,images/hurricane-matthew_00000000_post_disaster.png
hurricane-matthew,2,hurricane-matthew_00000000__53153a7b-065a-4dcc-aa22-2bd31871ad62,hurricane-matthew_00000000,train,images/hurricane-matthew_00000000_pre_disaster.png,images/hurricane-matthew_00000000_post_disaster.png
hurricane-matthew,3,hurricane-matthew_00000000__5374ddee-9471-46c4-b7b1-1e79fc3a1f58,hurricane-matthew_00000000,train,images/hurricane-matthew_00000000_pre_disaster.png,images/hurricane-matthew_00000000_post_disaster.png
tuscaloosa-tornado,0,tuscaloosa-tornado_00000000__15f4db15-8a23-4147-8e2a-4ad95baaf693,tuscaloosa-tornado_00000000,tier3,images/tuscaloosa-tornado_00000000_pre_disaster.png,images/tuscaloosa-tornado_00000000_post_disaster.png
tuscaloosa-tornado,1,tuscaloosa-tornado_00000001__463ef7bf-f54c-4cbf-8770-8d96e89ef6fb,tuscaloosa-tornado_00000001,tier3,images/tuscaloosa-tornado_00000001_pre_disaster.png,images/tuscaloosa-tornado_00000001_post_disaster.png
tuscaloosa-tornado,2,tuscaloosa-tornado_00000001__0740d58d-99b6-4ce6-a9d0-e1ba25393012,tuscaloosa-tornado_00000001,tier3,images/tuscaloosa-tornado_00000001_pre_disaster.png,images/tuscaloosa-tornado_00000001_post_disaster.png
tuscaloosa-tornado,3,tuscaloosa-tornado_00000001__69aeff66-d125-4c6d-a77f-b0850ac8565b,tuscaloosa-tornado_00000001,tier3,images/tuscaloosa-tornado_00000001_pre_disaster.png,images/tuscaloosa-tornado_00000001_post_disaster.png
