manifest_row,building_id,scene_id,disaster,label_id,source_subset,is_anchor
0,guatemala-volcano_00000000__139cf2c8-ad52-4739-82b5-bb646b215e76,guatemala-volcano_00000000,guatemala-volcano,0,train,True
10,guatemala-volcano_00000001__44c46607-b263-4936-a025-aa02ab36cb8d,guatemala-volcano_00000001,guatemala-volcano,1,train,True
14,guatemala-volcano_00000002__ef81591e-659f-430b-ad80-90aa5a493874,guatemala-volcano_00000002,guatemala-volcano,3,train,True
19,guatemala-volcano_00000004__104d384e-412b-4a72-8361-3c6c75cafdf0,guatemala-volcano_00000004,guatemala-volcano,2,hold,True
235,guatemala-volcano_00000015__386da9c3-20c0-41a6-89e2-1016c45c6b04,guatemala-volcano_00000015,guatemala-volcano,0,train,False
813,hurricane-matthew_00000000__00e218e2-d2c9-46f2-9777-975b401e8245,hurricane-matthew_00000000,hurricane-matthew,1,train,True
837,hurricane-matthew_00000000__3bd16a54-cca3-4398-bc45-80a6e75bb03f,hurricane-matthew_00000000,hurricane-matthew,0,train,True
844,hurricane-matthew_00000000__53153a7b-065a-4dcc-aa22-2bd31871ad62,hurricane-matthew_00000000,hurricane-matthew,2,train,True
846,hurricane-matthew_00000000__5374ddee-9471-46c4-b7b1-1e79fc3a1f58,hurricane-matthew_00000000,hurricane-matthew,3,train,True
890,hurricane-matthew_00000000__a553b781-5237-4d65-b5b2-04018c9c2807,hurricane-matthew_00000000,hurricane-matthew,1,train,False
2945,hurricane-matthew_00000030__92026d60-b564-4a11-9b7a-30dc76abeaa5,hurricane-matthew_00000030,hurricane-matthew,0,train,False
3528,hurricane-matthew_00000037__3d34d4a7-6cb9-4dd1-a779-faf5b256f319,hurricane-matthew_00000037,hurricane-matthew,1,test,False
4181,hurricane-matthew_00000043__8fa2b311-4ad0-4b6d-af2f-3ca06335b879,hurricane-matthew_00000043,hurricane-matthew,1,train,False
5128,hurricane-matthew_00000060__4af10d40-d5e0-4b9e-bed0-08921e886b06,hurricane-matthew_00000060,hurricane-matthew,3,train,False
6321,hurricane-matthew_00000075__b1065d3e-885c-4509-b5c5-a98261acd2b5,hurricane-matthew_00000075,hurricane-matthew,1,train,False
7957,hurricane-matthew_00000089__c8e566c0-1c40-48ba-aafa-fdedf44f8cfe,hurricane-matthew_00000089,hurricane-matthew,1,train,False
8496,hurricane-matthew_00000092__d27d9495-e086-427c-8bbb-f07e501fb1ef,hurricane-matthew_00000092,hurricane-matthew,1,train,False
10466,hurricane-matthew_00000106__02f94f75-477f-4768-86b6-e03a8746de72,hurricane-matthew_00000106,hurricane-matthew,1,hold,False
10596,hurricane-matthew_00000106__4a14d4a6-cb6e-4c8e-83cb-a84c72ca9b2e,hurricane-matthew_00000106,hurricane-matthew,1,hold,False
16350,hurricane-matthew_00000245__d6455568-b5b3-434e-b2fa-e9d9831775ad,hurricane-matthew_00000245,hurricane-matthew,3,train,False
16681,hurricane-matthew_00000260__7c7e03de-db14-4620-b14d-6fc53388b915,hurricane-matthew_00000260,hurricane-matthew,3,train,False
17193,hurricane-matthew_00000282__9b3befd4-7e92-4832-b7b7-d9eba4dcc476,hurricane-matthew_00000282,hurricane-matthew,3,hold,False
17393,hurricane-matthew_00000286__a086fb3b-b52c-4286-8172-a7ac62b54fd3,hurricane-matthew_00000286,hurricane-matthew,1,test,False
17456,hurricane-matthew_00000286__eb1771b9-46d7-4457-8196-8174035484c7,hurricane-matthew_00000286,hurricane-matthew,1,test,False
20951,hurricane-matthew_00000351__d16b9ff2-2d4a-4c66-892c-724710438abd,hurricane-matthew_00000351,hurricane-matthew,1,hold,False
23443,nepal-flooding_00000001__00825c05-538a-4b3f-ba20-fc5c9ce577bf,nepal-flooding_00000001,nepal-flooding,0,tier3,True
23540,nepal-flooding_00000002__3dfbe567-9e42-4b3c-b796-d5e21091746e,nepal-flooding_00000002,nepal-flooding,1,tier3,True
23620,nepal-flooding_00000004__374f1adc-b3bb-4802-9f12-cbec99d1c5bc,nepal-flooding_00000004,nepal-flooding,0,tier3,False
23623,nepal-flooding_00000004__67a76847-107b-41b1-9edb-950bc0b954af,nepal-flooding_00000004,nepal-flooding,3,tier3,True
23634,nepal-flooding_00000004__d65abe58-2a8c-4583-a048-7a2a7a85503f,nepal-flooding_00000004,nepal-flooding,2,tier3,True
24992,nepal-flooding_00000022__9b9b6dc1-21da-4998-82ba-e7d74678ce64,nepal-flooding_00000022,nepal-flooding,0,tier3,False
27850,nepal-flooding_00000074__1b1444ed-5808-4363-92ba-6af78be6c6f9,nepal-flooding_00000074,nepal-flooding,0,tier3,False
27911,nepal-flooding_00000074__94ca2af3-2e3d-4628-a7c4-5ac09446a778,nepal-flooding_00000074,nepal-flooding,1,tier3,False
28053,nepal-flooding_00000075__5b698563-270a-4f3b-ab39-79ddba77242d,nepal-flooding_00000075,nepal-flooding,0,tier3,False
28405,nepal-flooding_00000077__72dccc60-7412-4529-a96b-b5fb94a7eaa9,nepal-flooding_00000077,nepal-flooding,0,tier3,False
30546,nepal-flooding_00000114__3073883f-0599-4adb-bc0f-f3d4a1670fd8,nepal-flooding_00000114,nepal-flooding,0,tier3,False
34926,nepal-flooding_00000194__512cdabc-2388-44bf-8e6d-ed634ef25511,nepal-flooding_00000194,nepal-flooding,1,tier3,False
36770,nepal-flooding_00000214__e04505cd-bfa6-4c72-9312-b56c841ef848,nepal-flooding_00000214,nepal-flooding,0,tier3,False
37663,nepal-flooding_00000225__c7b5d7de-3db6-496f-92fc-7699f80a6f6a,nepal-flooding_00000225,nepal-flooding,0,tier3,False
37728,nepal-flooding_00000225__f93c6228-29e9-4ed1-a02b-032f52ebfdb8,nepal-flooding_00000225,nepal-flooding,1,tier3,False
41238,nepal-flooding_00000295__4cc45075-bca2-4b24-aa7f-28c6207b4d62,nepal-flooding_00000295,nepal-flooding,0,tier3,False
41900,nepal-flooding_00000307__619ca2ec-c0d4-4ff6-ad51-eac686196391,nepal-flooding_00000307,nepal-flooding,1,tier3,False
41958,nepal-flooding_00000307__ef08b588-a31b-4003-9ac9-7ade82b488a8,nepal-flooding_00000307,nepal-flooding,1,tier3,False
45141,nepal-flooding_00000359__c2560118-4025-4c97-bf77-ceab14d6616c,nepal-flooding_00000359,nepal-flooding,0,tier3,False
45350,nepal-flooding_00000364__4c2a4a13-5a51-4c2a-ba6d-35e74576950c,nepal-flooding_00000364,nepal-flooding,0,tier3,False
46142,nepal-flooding_00000374__2fef3293-8896-4ca3-bce4-756458986f8e,nepal-flooding_00000374,nepal-flooding,0,tier3,False
47257,nepal-flooding_00000383__65d84e71-be41-4c49-b082-bad3954c7d0c,nepal-flooding_00000383,nepal-flooding,0,tier3,False
50805,nepal-flooding_00000418__d4557c39-147d-4e66-abd6-fb479b222cfb,nepal-flooding_00000418,nepal-flooding,0,tier3,False
51908,nepal-flooding_00000434__58b3d155-82c7-4a67-8898-3a9f6f380823,nepal-flooding_00000434,nepal-flooding,0,tier3,False
52721,nepal-flooding_00000448__7547c179-f3e1-460e-b48e-4870d7b5e915,nepal-flooding_00000448,nepal-flooding,0,tier3,False
53248,nepal-flooding_00000455__70fb8397-732e-471f-9231-3f4867738129,nepal-flooding_00000455,nepal-flooding,0,tier3,False
53905,nepal-flooding_00000463__12c197c7-1b56-4857-825d-0669841054c0,nepal-flooding_00000463,nepal-flooding,0,tier3,False
56479,nepal-flooding_00000484__ef94e24c-4d5f-4995-a40e-b88d2b01210c,nepal-flooding_00000484,nepal-flooding,1,tier3,False
58346,nepal-flooding_00000509__fb3854f1-6a28-4014-9cfb-42fc75836128,nepal-flooding_00000509,nepal-flooding,1,tier3,False
61653,nepal-flooding_00000564__4840d44d-e77e-4d6a-b538-308ccf29fe32,nepal-flooding_00000564,nepal-flooding,0,tier3,False
64862,nepal-flooding_00000618__6fc5d8c6-abdd-4631-912c-f544dc77c772,nepal-flooding_00000618,nepal-flooding,1,tier3,False
65025,santa-rosa-wildfire_00000000__0007d2df-182f-406c-8c17-555d6ede7c1a,santa-rosa-wildfire_00000000,santa-rosa-wildfire,0,test,True
65226,santa-rosa-wildfire_00000004__170606c9-06ee-4cc1-b73f-07389cc0fe18,santa-rosa-wildfire_00000004,santa-rosa-wildfire,3,train,True
65238,santa-rosa-wildfire_00000005__6e7ad1c1-6127-46bf-a118-22575b68216c,santa-rosa-wildfire_00000005,santa-rosa-wildfire,2,train,True
65261,santa-rosa-wildfire_00000006__4ee1e45d-50ac-43a0-a045-475464907bcb,santa-rosa-wildfire_00000006,santa-rosa-wildfire,1,train,True
69177,santa-rosa-wildfire_00000068__03015936-13fe-4e44-8c98-c1dbea8443eb,santa-rosa-wildfire_00000068,santa-rosa-wildfire,3,test,False
69863,santa-rosa-wildfire_00000077__ad376f47-f13c-4dae-b915-ca0563f9a22f,santa-rosa-wildfire_00000077,santa-rosa-wildfire,0,hold,False
69936,santa-rosa-wildfire_00000079__0728a876-0434-4aa5-a566-a8c9cca81f45,santa-rosa-wildfire_00000079,santa-rosa-wildfire,3,train,False
70093,santa-rosa-wildfire_00000079__e3111dd8-4cbb-4fc0-a5db-d0a3a2c067e8,santa-rosa-wildfire_00000079,santa-rosa-wildfire,3,train,False
71016,santa-rosa-wildfire_00000095__43ece773-4ecd-4ee6-9118-3995dba898c1,santa-rosa-wildfire_00000095,santa-rosa-wildfire,0,train,False
73647,santa-rosa-wildfire_00000138__d7e97d30-5bec-4a33-98ce-5ad93abefe92,santa-rosa-wildfire_00000138,santa-rosa-wildfire,0,train,False
74535,santa-rosa-wildfire_00000149__36cc90b3-77cd-46c9-8e91-6a9bfb405b86,santa-rosa-wildfire_00000149,santa-rosa-wildfire,0,train,False
78215,santa-rosa-wildfire_00000180__4f3301d6-da05-44aa-921e-f56f4ae9b255,santa-rosa-wildfire_00000180,santa-rosa-wildfire,0,train,False
78723,santa-rosa-wildfire_00000193__8e632057-53be-44d9-9f0c-f80cd9dfb195,santa-rosa-wildfire_00000193,santa-rosa-wildfire,0,hold,False
81135,santa-rosa-wildfire_00000225__76092c4a-903a-4806-b056-9bf5a181f929,santa-rosa-wildfire_00000225,santa-rosa-wildfire,0,train,False
81600,santa-rosa-wildfire_00000238__555db601-0cf5-45af-9073-3aa96429d06e,santa-rosa-wildfire_00000238,santa-rosa-wildfire,0,test,False
86388,santa-rosa-wildfire_00000372__594d506d-f833-4af5-bf14-f145acdbc44b,santa-rosa-wildfire_00000372,santa-rosa-wildfire,0,train,False
86894,sunda-tsunami_00000001__000e0d75-47e1-4cec-8375-191747fe0672,sunda-tsunami_00000001,sunda-tsunami,0,tier3,True
87486,sunda-tsunami_00000001__e8c01d6e-4edd-4c91-8400-873f12c685a7,sunda-tsunami_00000001,sunda-tsunami,0,tier3,False
87876,sunda-tsunami_00000005__0ac3cea1-a6c6-4b41-9bf7-dd987c41b303,sunda-tsunami_00000005,sunda-tsunami,3,tier3,True
87893,sunda-tsunami_00000005__581081dc-f075-45b0-9320-825b7aa229ea,sunda-tsunami_00000005,sunda-tsunami,2,tier3,True
90172,sunda-tsunami_00000016__976f717b-bf70-45cc-b885-be25d87c49ae,sunda-tsunami_00000016,sunda-tsunami,0,tier3,False
96229,sunda-tsunami_00000059__01b89536-93bd-483d-84c0-d70cb4517fa4,sunda-tsunami_00000059,sunda-tsunami,0,tier3,False
96526,sunda-tsunami_00000059__6698776d-0b66-4715-825c-9c03b5e93758,sunda-tsunami_00000059,sunda-tsunami,0,tier3,False
100361,sunda-tsunami_00000107__706d6d1d-bda3-42bb-9c64-b7d12cf53a64,sunda-tsunami_00000107,sunda-tsunami,0,tier3,False
101141,sunda-tsunami_00000140__526ff4cd-2790-43ab-b1ff-e96293d9eab2,sunda-tsunami_00000140,sunda-tsunami,0,tier3,False
101251,tuscaloosa-tornado_00000000__15f4db15-8a23-4147-8e2a-4ad95baaf693,tuscaloosa-tornado_00000000,tuscaloosa-tornado,0,tier3,True
101260,tuscaloosa-tornado_00000001__0740d58d-99b6-4ce6-a9d0-e1ba25393012,tuscaloosa-tornado_00000001,tuscaloosa-tornado,2,tier3,True
101262,tuscaloosa-tornado_00000001__463ef7bf-f54c-4cbf-8770-8d96e89ef6fb,tuscaloosa-tornado_00000001,tuscaloosa-tornado,1,tier3,True
101263,tuscaloosa-tornado_00000001__69aeff66-d125-4c6d-a77f-b0850ac8565b,tuscaloosa-tornado_00000001,tuscaloosa-tornado,3,tier3,True
102604,tuscaloosa-tornado_00000024__ca840104-2f75-44b2-af6f-a107c7823f62,tuscaloosa-tornado_00000024,tuscaloosa-tornado,3,tier3,False
104247,tuscaloosa-tornado_00000057__77fe692e-6839-409b-91ac-44bef850495f,tuscaloosa-tornado_00000057,tuscaloosa-tornado,1,tier3,False
105273,tuscaloosa-tornado_00000077__4b87e8de-8bbc-42c7-9e7c-0c46f17b18a4,tuscaloosa-tornado_00000077,tuscaloosa-tornado,0,tier3,False
107980,tuscaloosa-tornado_00000149__a68c306d-ca55-48e1-93bf-17d38c5b3d12,tuscaloosa-tornado_00000149,tuscaloosa-tornado,0,tier3,False
108045,tuscaloosa-tornado_00000151__2ec1968d-b1ca-499c-baba-f7270da3a92f,tuscaloosa-tornado_00000151,tuscaloosa-tornado,0,tier3,False
109480,tuscaloosa-tornado_00000179__1586b8ef-b065-4358-a1f9-48ba58cf6072,tuscaloosa-tornado_00000179,tuscaloosa-tornado,0,tier3,False
109491,tuscaloosa-tornado_00000179__356fbeef-2cf2-48db-a09c-22e421e1727f,tuscaloosa-tornado_00000179,tuscaloosa-tornado,0,tier3,False
109497,tuscaloosa-tornado_00000179__41be5076-27d0-44cd-a4e6-c44e65b1efb9,tuscaloosa-tornado_00000179,tuscaloosa-tornado,0,tier3,False
111419,tuscaloosa-tornado_00000243__740bf921-a35c-41d8-a856-c0f23f8af064,tuscaloosa-tornado_00000243,tuscaloosa-tornado,3,tier3,False
113916,tuscaloosa-tornado_00000318__3ff8c0b3-1e20-481e-b709-8fbff9709187,tuscaloosa-tornado_00000318,tuscaloosa-tornado,1,tier3,False
115314,tuscaloosa-tornado_00000342__a0d7e6ea-e048-4b4b-9186-fa85a384907b,tuscaloosa-tornado_00000342,tuscaloosa-tornado,0,tier3,False
