Role,Disaster event
Development,lower-puna-volcano
Development,palu-tsunami
Development,mexico-earthquake
Development,socal-fire
Development,woolsey-fire
Development,portugal-wildfire
Development,pinery-bushfire
Development,midwest-flooding
Development,moore-tornado
Development,joplin-tornado
Development,hurricane-harvey
Development,hurricane-michael
Development,hurricane-florence
Held-out TEST,nepal-flooding
Held-out TEST,guatemala-volcano
Held-out TEST,sunda-tsunami
Held-out TEST,santa-rosa-wildfire
Held-out TEST,hurricane-matthew
Held-out TEST,tuscaloosa-tornado
