method,unweighted_event_mean_macro_f1,min_event_macro_f1,max_event_macro_f1
Equal 0.5 logit blend,0.4075951759832112,0.252495536677455,0.7191180250778333
HGB hard router,0.3987478543427129,0.2481511392930233,0.7097580770378418
Logistic soft gate,0.4065266755046826,0.2510317991174948,0.7208828295710894
Max-confidence selector,0.4010472812509508,0.2515464786290363,0.7125182729675716
Min-entropy selector,0.401099685737842,0.2516469032102606,0.7060292552638039
Neural Temporal Utility Router,0.408473765571496,0.2541807888101083,0.7197366700494457
Oracle expert selector,0.4741438712376722,0.3165138553200728,0.7856995871668248
POST-only,0.408577962816225,0.262503076252348,0.6980170032631555
Siamese,0.377114417359778,0.2379537312729535,0.6852191424138065
Static alpha blend,0.4105442379364727,0.2538994476689811,0.7219223680329969
