event,method,n,macro_f1_fixed4,accuracy,ordinal_mae
guatemala-volcano,POST-only,813,0.4034165631528714,0.8905289052890529,0.1881918819188192
guatemala-volcano,Siamese,813,0.3025137798156188,0.7933579335793358,0.3665436654366543
guatemala-volcano,Equal 0.5 logit blend,813,0.3665558681390516,0.8659286592865929,0.2521525215252153
guatemala-volcano,Static alpha blend,813,0.3802815299947032,0.8745387453874539,0.2386223862238622
guatemala-volcano,Max-confidence selector,813,0.3591198841280168,0.8745387453874539,0.2337023370233702
guatemala-volcano,Min-entropy selector,813,0.3657328504722413,0.8757687576875769,0.2300123001230012
guatemala-volcano,Logistic soft gate,813,0.3586434306399962,0.8769987699876999,0.2337023370233702
guatemala-volcano,HGB hard router,813,0.3551499473028648,0.8769987699876999,0.2361623616236162
guatemala-volcano,Neural Temporal Utility Router,813,0.3607578760955093,0.8806888068880688,0.2263222632226322
guatemala-volcano,Oracle expert selector,813,0.4384575100207464,0.90159901599016,0.1672816728167281
hurricane-matthew,POST-only,22630,0.262503076252348,0.297348652231551,0.9462218294299602
hurricane-matthew,Siamese,22630,0.2379537312729535,0.2651347768448961,1.0565178965974371
hurricane-matthew,Equal 0.5 logit blend,22630,0.252495536677455,0.2891736632788334,0.9628811312417144
hurricane-matthew,Static alpha blend,22630,0.2538994476689811,0.2907202828104286,0.958020326999558
hurricane-matthew,Max-confidence selector,22630,0.2515464786290363,0.2919575784357048,0.9592576226248344
hurricane-matthew,Min-entropy selector,22630,0.2516469032102606,0.2922227132125497,0.9610693769332744
hurricane-matthew,Logistic soft gate,22630,0.2510317991174948,0.2892620415377817,0.9593018117543084
hurricane-matthew,HGB hard router,22630,0.2481511392930233,0.2809986743261157,0.9714096332302252
hurricane-matthew,Neural Temporal Utility Router,22630,0.2541807888101083,0.290543526292532,0.9522757401679188
hurricane-matthew,Oracle expert selector,22630,0.3165138553200728,0.3486522315510384,0.8475475033141847
nepal-flooding,POST-only,41582,0.3037940779025869,0.7171612717041027,0.446924149872541
nepal-flooding,Siamese,41582,0.2897132817905687,0.6730075513443317,0.5544225866961666
nepal-flooding,Equal 0.5 logit blend,41582,0.2961296895628401,0.7276706267134818,0.429416574479342
nepal-flooding,Static alpha blend,41582,0.2966900734691067,0.7291616564859795,0.4262661728632581
nepal-flooding,Max-confidence selector,41582,0.2894336738825995,0.7236785147419557,0.4416093501996056
nepal-flooding,Min-entropy selector,41582,0.2885097060664998,0.7223077293059497,0.4443509210716175
nepal-flooding,Logistic soft gate,41582,0.2937975787072852,0.7307488817276706,0.4250637294983406
nepal-flooding,HGB hard router,41582,0.2895949999723612,0.7315665432158145,0.4285027175220047
nepal-flooding,Neural Temporal Utility Router,41582,0.2976469809044613,0.7332259150594007,0.4177769227069405
nepal-flooding,Oracle expert selector,41582,0.3922571559820549,0.7642249050069742,0.3589293444278774
santa-rosa-wildfire,POST-only,21869,0.4749303839064867,0.9104668709131648,0.1986373405276875
santa-rosa-wildfire,Siamese,21869,0.4754786822430191,0.9227216607983904,0.1915496821985458
santa-rosa-wildfire,Equal 0.5 logit blend,21869,0.485554892516696,0.9405551236910696,0.146142942064109
santa-rosa-wildfire,Static alpha blend,21869,0.4844174590459438,0.9391375920252412,0.1490694590516255
santa-rosa-wildfire,Max-confidence selector,21869,0.4862037744503669,0.943573094334446,0.1385980154556678
santa-rosa-wildfire,Min-entropy selector,21869,0.4852728848815136,0.9425213772920572,0.1405185422287256
santa-rosa-wildfire,Logistic soft gate,21869,0.488847340827177,0.9445333577209748,0.1380492935205085
santa-rosa-wildfire,HGB hard router,21869,0.4829797791339403,0.9440760894416754,0.1354428643285015
santa-rosa-wildfire,Neural Temporal Utility Router,21869,0.4888810127589443,0.9417440212172482,0.1425305226576432
santa-rosa-wildfire,Oracle expert selector,21869,0.523612388254565,0.964058713247062,0.0844574511866111
sunda-tsunami,POST-only,14357,0.3088066724199014,0.9108448840286968,0.186180957024448
sunda-tsunami,Siamese,14357,0.2718078866227014,0.8944069095214878,0.2835550602493557
sunda-tsunami,Equal 0.5 logit blend,14357,0.325717043925391,0.9469944974576862,0.1237723758445357
sunda-tsunami,Static alpha blend,14357,0.3260545494071045,0.9449049244271088,0.1268370829560493
sunda-tsunami,Max-confidence selector,14357,0.3074616034481139,0.9430939611339416,0.1382600821898725
sunda-tsunami,Min-entropy selector,14357,0.3094065145327329,0.9416312600125374,0.1397227833112767
sunda-tsunami,Logistic soft gate,14357,0.3259570741650527,0.9515915581249564,0.1154837361565786
sunda-tsunami,HGB hard router,14357,0.3068531833162459,0.943372570871352,0.1393048687051612
sunda-tsunami,Neural Temporal Utility Router,14357,0.3296392648105068,0.950825381347078,0.1130459009542383
sunda-tsunami,Oracle expert selector,14357,0.3883227306817696,0.9681688375008708,0.0732047085045622
tuscaloosa-tornado,POST-only,14098,0.6980170032631555,0.8780678110370266,0.158604057313094
tuscaloosa-tornado,Siamese,14098,0.6852191424138065,0.8756561214356646,0.1646332813164988
tuscaloosa-tornado,Equal 0.5 logit blend,14098,0.7191180250778333,0.897148531706625,0.1314370832742233
tuscaloosa-tornado,Static alpha blend,14098,0.7219223680329969,0.8968648035182295,0.1325010639807065
tuscaloosa-tornado,Max-confidence selector,14098,0.7125182729675716,0.8976450560363172,0.1329975883103986
tuscaloosa-tornado,Min-entropy selector,14098,0.7060292552638039,0.8963682791885373,0.1348418215349694
tuscaloosa-tornado,Logistic soft gate,14098,0.7208828295710894,0.8967938714711307,0.1334231805929919
tuscaloosa-tornado,HGB hard router,14098,0.7097580770378418,0.8908355795148248,0.1432827351397361
tuscaloosa-tornado,Neural Temporal Utility Router,14098,0.7197366700494457,0.8951624343878565,0.1345580933465739
tuscaloosa-tornado,Oracle expert selector,14098,0.7856995871668248,0.929493545183714,0.0932756419350262
