method,reps,mean_gain_vs_post,ci95_low,ci95_high,condition
Siamese,2000,-0.0135112176542036,-0.0221718135496296,-0.004875281338541,clean
Equal 0.5 logit blend,2000,0.0031975791875196,-0.0015345639100715,0.007925211237763,clean
Static alpha blend,2000,0.0038217318228221,-0.0004598845730338,0.0081583139564118,clean
Max-confidence selector,2000,-0.0010853587286556,-0.0060728497247701,0.0037610355893971,clean
Min-entropy selector,2000,-0.0024229198495128,-0.0072821918072196,0.0024465000835936,clean
Logistic soft gate,2000,0.0012930760164697,-0.0031824623482794,0.0058384480730498,clean
HGB hard router,2000,-0.0037351344383817,-0.0079433250597301,0.0006199965596362,clean
Neural Temporal Utility Router,2000,0.0032664880298175,-0.0006119094519209,0.0071711768469428,clean
Siamese,2000,-0.0411851402434504,-0.0509694673950715,-0.0318194850424429,wrongpre
Equal 0.5 logit blend,2000,-0.0055618069068161,-0.010224598824534,-0.0009482810468751,wrongpre
Static alpha blend,2000,-0.0045074216937324,-0.0089856589142909,-0.0002817131182619,wrongpre
Max-confidence selector,2000,-0.0106245109316595,-0.0154608767222477,-0.0060143745838062,wrongpre
Min-entropy selector,2000,-0.0111724424557815,-0.0160977530002807,-0.0064515382676061,wrongpre
Logistic soft gate,2000,-0.0067894229911972,-0.0109737558904006,-0.0026045552141427,wrongpre
HGB hard router,2000,-0.0137370182511257,-0.0179151023276149,-0.0095600517728581,wrongpre
Neural Temporal Utility Router,2000,-0.0030187101755583,-0.0065977381614877,0.0007013046815506,wrongpre
