gate_mean,gate_median,deltaCE_mean,deltaCE_median,n
0.037582323,0.040643387,0.299163588335125,-0.0017875010489788136,5768
0.045517154,0.04547798,0.08567459121258754,-0.0025611044061311337,5767
0.048672516,0.04864335,0.12657269599808943,-0.007254944841062077,5768
0.052712414,0.052672356,0.11650338355353185,-0.01570474589826534,5767
0.057527084,0.0574499,0.1209063534313527,-0.03147719112435751,5768
0.06301523,0.06295938,0.15518597293207745,-0.049793689926263124,5767
0.06990171,0.0697481,0.10541676065529829,-0.05105021110111849,5767
0.079375684,0.07918916,0.05943434262132803,-0.04488561948455393,5768
0.09010911,0.090474784,-0.01125087797032143,0.001493510700788181,5767
0.09811685,0.097897656,-0.0282818372599474,0.009809860958817413,5768
0.11217595,0.11191479,-0.047987095914438976,-0.0067241186438775705,5767
0.13248546,0.13207893,-0.1252599972598805,-0.03995942986008094,5767
0.15709901,0.1570082,-0.15699019487770546,-0.03332414241293675,5768
0.1842885,0.18395269,-0.2228031596585454,-0.06599671577062331,5767
0.21788831,0.21732408,-0.2565787107644371,-0.06260885274031934,5768
0.26151866,0.26099616,-0.24287097716396863,-0.017026419516448316,5767
0.31169316,0.31078652,-0.4316484081922029,0.038324321033842035,5767
0.39143315,0.39151722,-0.12619388989387217,0.14121928998584674,5768
0.48585522,0.48593724,-0.20904388903199791,0.24639362622831934,5767
0.6077994,0.59549236,-0.07723720979231237,0.553073692574239,5768
