epoch,train_loss,post_f1,valid_f1,wrong_f1,valid_gate_mean,wrong_gate_mean,safety_ok
1,0.8347788879036895,0.7477421418224455,0.7765654531840454,0.7646556841994182,0.36627426743507385,0.34744197130203247,True
2,0.6934642101816744,0.7477421418224455,0.77542020080656,0.7663200571220148,0.2044229954481125,0.18831375241279602,True
3,0.6006764026167911,0.7477421418224455,0.7753882318050138,0.7625026615698114,0.13019366562366486,0.1247536689043045,True
4,0.5726640688199018,0.7477421418224455,0.7751406650415997,0.7625688050230507,0.09631761163473129,0.09271164983510971,True
5,0.5557168222526183,0.7477421418224455,0.7762820253444398,0.7613503389577233,0.09607842564582825,0.09472092986106873,True
6,0.5441405548459843,0.7477421418224455,0.7747683143903912,0.7621615225603895,0.07925956696271896,0.07783939689397812,True
7,0.5330345245315732,0.7477421418224455,0.7731854558300284,0.7577711477601106,0.07652965188026428,0.0774286761879921,True
8,0.5340046053640984,0.7477421418224455,0.7725616899145763,0.7593538421793131,0.06715881824493408,0.06971802562475204,True
9,0.533153102891295,0.7477421418224455,0.7746419232515995,0.7556192385291494,0.07148513197898865,0.0733165591955185,True
10,0.5391880573087873,0.7477421418224455,0.7724352271371941,0.7571130469172073,0.0634058490395546,0.06872273981571198,True
11,0.5303726988715703,0.7477421418224455,0.7726701119972816,0.7626498320644945,0.0532294325530529,0.057457756251096725,True
12,0.5289722855222044,0.7477421418224455,0.7728997321952962,0.7575993220293502,0.058595091104507446,0.06465286761522293,True
13,0.5278110970099877,0.7477421418224455,0.7730684630089009,0.761429908943224,0.05599043518304825,0.059755839407444,True
14,0.5262489893324189,0.7477421418224455,0.7730684630089009,0.7610127168368044,0.052798595279455185,0.05852227285504341,True
15,0.5238199417932192,0.7477421418224455,0.7718004826957569,0.7602236723071975,0.05028574913740158,0.056212615221738815,True
16,0.5237418353369642,0.7477421418224455,0.7716738204329783,0.7605899171157953,0.05493180826306343,0.06111724674701691,True
17,0.5224550063985791,0.7477421418224455,0.7726424992230492,0.7564874328715671,0.058365702629089355,0.06638401746749878,True
18,0.5177225998229992,0.7477421418224455,0.7722400165319259,0.7602697663728992,0.04972412437200546,0.056090302765369415,True
19,0.520631137914896,0.7477421418224455,0.7710266574328808,0.7597978169802799,0.05218849331140518,0.057824090123176575,True
20,0.5165845279234844,0.7477421418224455,0.7714521543199846,0.7601001180142528,0.04828179255127907,0.05369473993778229,True
21,0.5178859588284642,0.7477421418224455,0.7714781202039042,0.7612847534973105,0.046854302287101746,0.05282232165336609,True
22,0.5095378513528322,0.7477421418224455,0.7727073523750272,0.7597516275580278,0.05267658829689026,0.058132559061050415,True
23,0.5149069750834361,0.7477421418224455,0.771524531588307,0.7586146985903841,0.05081387609243393,0.058166567236185074,True
24,0.5119495235676901,0.7477421418224455,0.7713132631016857,0.7595528213432293,0.04804888740181923,0.05453174188733101,True
25,0.5100952377087333,0.7477421418224455,0.7724030897776017,0.7552030419997997,0.05573812872171402,0.06255380809307098,True
26,0.5130258575251194,0.7477421418224455,0.7724972247652793,0.7592300183431606,0.054371245205402374,0.06140739098191261,True
27,0.5123188430336185,0.7477421418224455,0.7719828804955668,0.7600528561029298,0.048480644822120667,0.05346415564417839,True
28,0.5082329342710908,0.7477421418224455,0.7708330583863239,0.7597287646048512,0.04347972199320793,0.050471607595682144,True
29,0.5104544952543476,0.7477421418224455,0.77338731569994,0.7585660343060232,0.052429988980293274,0.058946095407009125,True
30,0.510835724155111,0.7477421418224455,0.7729867040585321,0.758857173367587,0.05042609944939613,0.057934172451496124,True
31,0.502479239162955,0.7477421418224455,0.7726217378499269,0.7593826910470141,0.04834628105163574,0.05370108038187027,True
32,0.5021171457887946,0.7477421418224455,0.7719500293117092,0.7588693267747966,0.04748174175620079,0.054159991443157196,True
33,0.5063548533677128,0.7477421418224455,0.7719500293117092,0.7590826643174502,0.045342762023210526,0.0527532622218132,True
34,0.5064122259525065,0.7477421418224455,0.7716665959248101,0.7598925216897368,0.04960346966981888,0.0559832938015461,True
35,0.5036771733070946,0.7477421418224455,0.771062426989106,0.7588208918340946,0.0459546335041523,0.05405988171696663,True
36,0.512022458279667,0.7477421418224455,0.7719892585855677,0.7576957118182343,0.047257713973522186,0.055105146020650864,True
37,0.5099171863725006,0.7477421418224455,0.7715598025723703,0.7588292521834452,0.04577945917844772,0.052162155508995056,True
38,0.4995155084703101,0.7477421418224455,0.7715110112742539,0.7596105185910456,0.04733514040708542,0.05339552462100983,True
39,0.50915726407179,0.7477421418224455,0.7714879438498734,0.7594804420105633,0.04660607501864433,0.0529516339302063,True
40,0.5064800026401568,0.7477421418224455,0.7705239359983265,0.7563999035482873,0.049048036336898804,0.05633406341075897,True
41,0.5123706338053672,0.7477421418224455,0.7722734643024676,0.7576267463072712,0.048194870352745056,0.05398283898830414,True
42,0.5017635896599799,0.7477421418224455,0.7713859002436156,0.7570496740077103,0.04969777911901474,0.05922089144587517,True
43,0.5057037238712105,0.7477421418224455,0.7735296623103092,0.758857173367587,0.05264851823449135,0.05769216641783714,True
44,0.506936528094049,0.7477421418224455,0.7719500293117092,0.758533322238661,0.04794353246688843,0.055519044399261475,True
45,0.5022477857867425,0.7477421418224455,0.7718113979670176,0.7601054262933918,0.04685760661959648,0.052921947091817856,True
46,0.5098779793789662,0.7477421418224455,0.7718113979670176,0.7599426394526801,0.046601537615060806,0.05378551036119461,True
47,0.49802884211015375,0.7477421418224455,0.7709817900950331,0.7571340923396754,0.04842463135719299,0.05532947555184364,True
48,0.49475432322103446,0.7477421418224455,0.7716273666509514,0.7593796755228049,0.04702915623784065,0.05328528210520744,True
49,0.5014990214519315,0.7477421418224455,0.7713859002436156,0.7589561098635877,0.049450136721134186,0.056095439940690994,True
50,0.4990467433269627,0.7477421418224455,0.7719500293117092,0.7591614563218188,0.050089068710803986,0.055946774780750275,True
51,0.504193760104444,0.7477421418224455,0.7704855023588855,0.7587687189818502,0.044411592185497284,0.050313569605350494,True
52,0.5094555536436791,0.7477421418224455,0.7708431587503415,0.758029900937017,0.04760473594069481,0.05556924268603325,True
53,0.5031807118430028,0.7477421418224455,0.7713859002436156,0.7589129371146138,0.046937987208366394,0.05563454329967499,True
54,0.5056593066927292,0.7477421418224455,0.7713859002436156,0.7585177217779753,0.048002734780311584,0.056660477072000504,True
55,0.5021269293337385,0.7477421418224455,0.7713859002436156,0.7578653829886541,0.048892002552747726,0.058010682463645935,True
56,0.4966315275641789,0.7477421418224455,0.7716950226316128,0.7592668407163607,0.04636489227414131,0.051551494747400284,True
57,0.5020359703249146,0.7477421418224455,0.7728106371070682,0.755913530655255,0.048555683344602585,0.05490456148982048,True
58,0.49405034171299755,0.7477421418224455,0.7715598025723703,0.759969073139263,0.04332319647073746,0.048348959535360336,True
59,0.49370817783825244,0.7477421418224455,0.7714879438498734,0.7585110998097501,0.04664792865514755,0.052189432084560394,True
60,0.5052101065478403,0.7477421418224455,0.7709449897398626,0.7571340923396754,0.04662729427218437,0.053387999534606934,True
61,0.5099923262989853,0.7477421418224455,0.7721217603237458,0.7571670561817541,0.04944895580410957,0.05644458904862404,True
62,0.5057353862632515,0.7477421418224455,0.7689892613169076,0.7585725513773407,0.043686091899871826,0.04999188706278801,True
63,0.5002911779427184,0.7477421418224455,0.772155522820646,0.7562392380776617,0.05007105693221092,0.05806070566177368,True
64,0.49710218216427576,0.7477421418224455,0.7712495718924561,0.7569778260614125,0.04945875704288483,0.057215262204408646,True
65,0.49360282559273155,0.7477421418224455,0.7686134210301225,0.760180638471567,0.04085720330476761,0.04757663980126381,True
66,0.49654485482951716,0.7477421418224455,0.7705803996354625,0.7589348811253379,0.04481510818004608,0.05157835781574249,True
67,0.5021897075051583,0.7477421418224455,0.7705196863361115,0.7576267463072712,0.04723520949482918,0.053509291261434555,True
68,0.48972420644539844,0.7477421418224455,0.7714879438498734,0.7577060293170881,0.04562580585479736,0.0512649342417717,True
69,0.4987141748450059,0.7477421418224455,0.7713519288831263,0.7588143499473995,0.049815721809864044,0.05494286119937897,True
70,0.4952103359971813,0.7477421418224455,0.7705021820716307,0.7565846179476787,0.04746101796627045,0.05583120137453079,True
71,0.5031799990086906,0.7477421418224455,0.7703836713693644,0.7579815435417643,0.04972143843770027,0.055624280124902725,True
72,0.4916849320275942,0.7477421418224455,0.7704451382096147,0.7618028190939424,0.04131360724568367,0.047758299857378006,True
73,0.49612985363084916,0.7477421418224455,0.769918975776398,0.7588919756771969,0.0460745245218277,0.052321214228868484,True
74,0.4976640945634963,0.7477421418224455,0.7692636204839637,0.7582603902680792,0.047482650727033615,0.05649510771036148,True
75,0.4967622435004636,0.7477421418224455,0.770110840312934,0.7593880498450192,0.047751978039741516,0.055111758410930634,True
76,0.49375193780526444,0.7477421418224455,0.7714475860478478,0.7567652897376685,0.04708350449800491,0.05198181793093681,True
77,0.5037388253213724,0.7477421418224455,0.769568083034355,0.7576002064471059,0.04584195092320442,0.05324539542198181,True
78,0.4859898789953327,0.7477421418224455,0.7696482719191271,0.7611083024416745,0.04221875220537186,0.0467928946018219,True
79,0.4946448742281248,0.7477421418224455,0.7711003207859322,0.757320158540979,0.04861749708652496,0.05504684895277023,True
80,0.4910406793038884,0.7477421418224455,0.7706153435008332,0.7583602736386913,0.046753786504268646,0.052208900451660156,True
81,0.4895408462855686,0.7477421418224455,0.7710573649100503,0.7581770504834862,0.04631791636347771,0.053120940923690796,True
82,0.4884435215496008,0.7477421418224455,0.7706153435008332,0.7589285444921847,0.04536788910627365,0.050327613949775696,True
83,0.49970005015661845,0.7477421418224455,0.7694645877800761,0.7589127509760443,0.04587086662650108,0.05247068405151367,True
84,0.4905956183162928,0.7477421418224455,0.769568083034355,0.7551026010139632,0.04470173642039299,0.051348455250263214,True
85,0.4875569251889295,0.7477421418224455,0.7700224318517428,0.7587517532558414,0.04388467222452164,0.05031673610210419,True
86,0.4853274717051726,0.7477421418224455,0.7716095685252878,0.753163075804354,0.05106569454073906,0.05920635163784027,True
87,0.48112565750179553,0.7477421418224455,0.7723126935763263,0.7549926022453438,0.04990280792117119,0.05563139542937279,True
88,0.49164808688122147,0.7477421418224455,0.7701558552795764,0.758563819182962,0.04604342207312584,0.05202174186706543,True
89,0.4945066102401439,0.7477421418224455,0.769363058775824,0.7565503806056132,0.04748241975903511,0.05517932400107384,True
90,0.4835342890241851,0.7477421418224455,0.7680458761607898,0.7589633076346183,0.04499855637550354,0.05202077329158783,True
91,0.4953988677767214,0.7477421418224455,0.768086066693542,0.7612450505660857,0.04513891413807869,0.05268660560250282,True
92,0.4867686163149176,0.7477421418224455,0.7698331543331003,0.7576750353617768,0.04773876443505287,0.05365628004074097,True
93,0.4766906491077356,0.7477421418224455,0.7711581024579157,0.7581188199125409,0.04842188209295273,0.05421018972992897,True
94,0.4831986746353917,0.7477421418224455,0.7698395005666321,0.75823857537196,0.046241819858551025,0.05169421806931496,True
95,0.4868854443514864,0.7477421418224455,0.768366892113391,0.7610170045805097,0.04150867089629173,0.046029236167669296,True
96,0.48159639104734187,0.7477421418224455,0.7693471939180501,0.759022760820768,0.04434356465935707,0.050587307661771774,True
97,0.48395348644207636,0.7477421418224455,0.768020967187963,0.7579753043140223,0.047711532562971115,0.053565941751003265,True
98,0.4790339797042442,0.7477421418224455,0.7721391717069112,0.7570560256994922,0.05059175193309784,0.05767034366726875,True
99,0.48736943182484044,0.7477421418224455,0.766903089744617,0.7611315088662525,0.04494074359536171,0.051777828484773636,True
100,0.49156711943042747,0.7477421418224455,0.7691440480755519,0.7570014951038828,0.046838078647851944,0.05379202589392662,True
