population,method,n,macro_f1,accuracy,ordinal_mae
clean_all,POST-only,13679,0.739204052330563,0.8829592806491703,0.1778638789385189
clean_all,Siamese,13679,0.7343242904540515,0.885079318663645,0.17757145990203962
clean_all,Equal 0.5 logit blend,13679,0.7529952074687434,0.8942905183127422,0.16009942247240294
clean_all,Static alpha blend (a=0.45),13679,0.7521105112636434,0.893924994517143,0.16134220337743987
clean_all,Max-confidence selector,13679,0.752429601013828,0.8947291468674611,0.16295050807807587
clean_all,Min-entropy selector,13679,0.7505103947278357,0.8942905183127422,0.1644857080195921
clean_all,Logistic soft gate,13679,0.7510473955659712,0.8946560421083413,0.16243877476423715
clean_all,HGB hard router,13679,0.7503848672791164,0.8958988230133782,0.1611228891000804
clean_all,Oracle expert selector,13679,0.810720334837603,0.9208275458732363,0.11850281453322611
clean_all,Neural safe router,13679,0.7519917305697296,0.8944367278309818,0.16090357482272097
valid_matched,POST-only,13659,0.7392187442211986,0.8829343290138371,0.1778314664323889
valid_matched,Siamese,13659,0.7342970555245181,0.8850574712643678,0.17753861922541914
valid_matched,Equal 0.5 logit blend,13659,0.7530196795238924,0.8942821582839153,0.16004099860897578
valid_matched,Static alpha blend (a=0.45),13659,0.7521349489448235,0.8939160992752032,0.16128559923859725
valid_matched,Max-confidence selector,13659,0.7524558748704534,0.89472142909437,0.16289625887693096
valid_matched,Min-entropy selector,13659,0.7505362390349818,0.8942821582839153,0.16443370671352223
valid_matched,Logistic soft gate,13659,0.7510804275612696,0.8946482172926276,0.16238377626473388
valid_matched,HGB hard router,13659,0.7504240507105915,0.8958928179222491,0.16106596383336994
valid_matched,Oracle expert selector,13659,0.8108546927186324,0.9208580423164214,0.1183834834175269
valid_matched,Neural safe router,13659,0.7520232030034809,0.8944285818874003,0.16084632842814262
wrong_matched,POST-only,13659,0.7392187442211986,0.8829343290138371,0.1778314664323889
wrong_matched,Siamese,13659,0.6972097840177839,0.8543085145325426,0.25294677502013324
wrong_matched,Equal 0.5 logit blend,13659,0.7374572991584905,0.8831539644190644,0.18573834102057252
wrong_matched,Static alpha blend (a=0.45),13659,0.7401786203582781,0.8849842594626254,0.18075993850208655
wrong_matched,Max-confidence selector,13659,0.7406878968577382,0.8853503184713376,0.18581155282231496
wrong_matched,Min-entropy selector,13659,0.7431671206073176,0.8871074017131562,0.18493301120140568
wrong_matched,Logistic soft gate,13659,0.7412886774097162,0.887253825316641,0.17973497327769236
wrong_matched,HGB hard router,13659,0.7394362115929757,0.8889376967567172,0.17834394904458598
wrong_matched,Oracle expert selector,13659,0.810074975595299,0.9193938062815726,0.12138516728896698
wrong_matched,Neural safe router,13659,0.744487784243917,0.8891573321619445,0.17182809868950874
