alpha,router_select_macro_f1,selected
0.0,0.7596124330542211,False
0.05,0.7631706065311942,False
0.1,0.7663710748286137,False
0.15,0.7684349932306185,False
0.2,0.7695364528731664,False
0.25,0.7711381213550257,False
0.3,0.7726645542618681,False
0.35,0.7724672907369275,False
0.4,0.7746021089672672,False
0.45,0.7759342398783592,True
0.5,0.7744187761185742,False
0.55,0.7736369104445326,False
0.6,0.7723597956863735,False
0.65,0.7724801302672631,False
0.7,0.7701920158330632,False
0.75,0.7676369117121052,False
0.8,0.7641517251414615,False
0.85,0.7615984708145289,False
0.9,0.7594715739952657,False
0.95,0.7566768056922796,False
1.0,0.7533056404087999,False
