manifest_row,original_batch_id,position_in_original_batch,original_batch_size,building_id,scene_id,disaster,true_label,new_pred_post,new_pred_pair,new_p0_post,new_p0_pair,new_logit0_post,new_logit0_pair,new_p1_post,new_p1_pair,new_logit1_post,new_logit1_pair,new_p2_post,new_p2_pair,new_logit2_post,new_logit2_pair,new_p3_post,new_p3_pair,new_logit3_post,new_logit3_pair,frozen_pred_post,frozen_pred_pair,frozen_confidence_post,frozen_confidence_pair,frozen_entropy_post,frozen_entropy_pair,frozen_severity_post,frozen_severity_pair,frozen_p0_post,frozen_p0_pair,frozen_logit0_post,frozen_logit0_pair,frozen_p1_post,frozen_p1_pair,frozen_logit1_post,frozen_logit1_pair,frozen_p2_post,frozen_p2_pair,frozen_logit2_post,frozen_logit2_pair,frozen_p3_post,frozen_p3_pair,frozen_logit3_post,frozen_logit3_pair
0,0,0,96,guatemala-volcano_00000000__139cf2c8-ad52-4739-82b5-bb646b215e76,guatemala-volcano_00000000,guatemala-volcano,0,0,0,0.9867588877677917,0.9982818365097046,3.9807920455932617,5.722834587097168,0.007839676924049854,0.0013958665076643229,-0.8544358015060425,-0.8496857285499573,0.004982898477464914,0.0002155207039322704,-1.307621955871582,-2.7178990840911865,0.0004185615398455411,0.00010678933176677674,-3.784564733505249,-3.420097827911377,0,0,0.9867588877677916,0.9982818365097046,0.0808380842208862,0.0136895217001438,0.0190611593425273,0.0021472759544849,0.9867588877677916,0.9982818365097046,3.9807920455932617,5.722834587097168,0.0078396769240498,0.0013958665076643,-0.8544358015060425,-0.8496857285499573,0.0049828984774649,0.0002155207039322,-1.307621955871582,-2.7178990840911865,0.0004185615398455,0.0001067893317667,-3.784564733505249,-3.420097827911377
10,0,10,96,guatemala-volcano_00000001__44c46607-b263-4936-a025-aa02ab36cb8d,guatemala-volcano_00000001,guatemala-volcano,1,0,0,0.8570652008056641,0.9544421434402466,2.950413942337036,3.3945090770721436,0.12132935971021652,0.022489016875624657,0.9954087734222412,-0.35359087586402893,0.020884472876787186,0.02260042354464531,-0.7640942335128784,-0.3486492335796356,0.0007209139876067638,0.0004683496954385191,-4.130335330963135,-4.225157737731934,0,0,0.8570652008056641,0.9544421434402466,0.474120944738388,0.2190849632024765,0.1652610450983047,0.0690949112176895,0.8570652008056641,0.9544421434402466,2.950413942337036,3.394509077072144,0.1213293597102165,0.0224890168756246,0.9954087734222412,-0.3535908758640289,0.0208844728767871,0.0226004235446453,-0.7640942335128784,-0.3486492335796356,0.0007209139876067,0.0004683496954385,-4.130335330963135,-4.225157737731934
14,0,14,96,guatemala-volcano_00000002__ef81591e-659f-430b-ad80-90aa5a493874,guatemala-volcano_00000002,guatemala-volcano,3,2,2,0.0523502342402935,0.004191309679299593,-1.5443806648254395,-2.991307497024536,0.09809490293264389,0.09458155930042267,-0.9164015650749207,0.12514162063598633,0.5332114696502686,0.8535150289535522,0.7765811085700989,2.325042247772217,0.31634336709976196,0.047712113708257675,0.25449126958847046,-0.5591356158256531,2,2,0.5332114696502686,0.8535150289535522,1.081572651863098,0.5263549089431763,2.113548040390014,1.9447479248046875,0.0523502342402935,0.0041913096792995,-1.5443806648254397,-2.991307497024536,0.0980949029326438,0.0945815593004226,-0.9164015650749208,0.1251416206359863,0.5332114696502686,0.8535150289535522,0.7765811085700989,2.325042247772217,0.3163433670997619,0.0477121137082576,0.2544912695884704,-0.5591356158256531
19,0,19,96,guatemala-volcano_00000004__104d384e-412b-4a72-8361-3c6c75cafdf0,guatemala-volcano_00000004,guatemala-volcano,2,3,0,0.3062617778778076,0.3639349639415741,0.5559090971946716,0.27103495597839355,0.036369096487760544,0.15253445506095886,-1.574811577796936,-0.5985497832298279,0.08958323299884796,0.30711033940315247,-0.6733628511428833,0.10126679390668869,0.567785918712616,0.1764202117919922,1.1732133626937866,-0.4530715346336365,3,0,0.567785918712616,0.3639349639415741,1.020432949066162,1.3233063220977783,1.9188932180404663,1.296015739440918,0.3062617778778076,0.3639349639415741,0.5559090971946716,0.2710349559783935,0.0363690964877605,0.1525344550609588,-1.574811577796936,-0.5985497832298279,0.0895832329988479,0.3071103394031524,-0.6733628511428833,0.1012667939066886,0.567785918712616,0.1764202117919922,1.1732133626937866,-0.4530715346336365
235,2,43,96,guatemala-volcano_00000015__386da9c3-20c0-41a6-89e2-1016c45c6b04,guatemala-volcano_00000015,guatemala-volcano,0,0,2,0.8058912754058838,0.0466267429292202,2.1223695278167725,-0.6574425101280212,0.05894099548459053,0.2446264922618866,-0.4930424392223358,1.0001157522201538,0.12888869643211365,0.7035751342773438,0.2893698215484619,2.0565578937530518,0.0062790499068796635,0.005171585362404585,-2.732360601425171,-2.8564376831054688,0,2,0.8058912754058838,0.7035751342773438,0.6366974711418152,0.7619673013687134,0.3355555534362793,1.667291522026062,0.8058912754058838,0.0466267429292202,2.1223695278167725,-0.6574425101280212,0.0589409954845905,0.2446264922618866,-0.4930424392223358,1.0001157522201538,0.1288886964321136,0.7035751342773438,0.2893698215484619,2.056557893753052,0.0062790499068796,0.0051715853624045,-2.732360601425171,-2.8564376831054688
813,8,45,96,hurricane-matthew_00000000__00e218e2-d2c9-46f2-9777-975b401e8245,hurricane-matthew_00000000,hurricane-matthew,1,0,0,0.9693366289138794,0.6570550203323364,3.1094703674316406,1.3329846858978271,0.0012542728800326586,0.06674738973379135,-3.54058575630188,-0.9538679718971252,0.017658228054642677,0.12149147689342499,-0.8959395885467529,-0.3549390435218811,0.011750884354114532,0.15470606088638306,-1.3032132387161255,-0.11325617134571075,0,0,0.9693366289138794,0.6570550203323364,0.1620656847953796,1.0014394521713257,0.0718233808875083,0.7738485336303711,0.9693366289138794,0.6570550203323364,3.1094703674316406,1.3329846858978271,0.0012542728800326,0.0667473897337913,-3.54058575630188,-0.9538679718971252,0.0176582280546426,0.1214914768934249,-0.8959395885467529,-0.3549390435218811,0.0117508843541145,0.154706060886383,-1.3032132387161257,-0.1132561713457107
837,8,69,96,hurricane-matthew_00000000__3bd16a54-cca3-4398-bc45-80a6e75bb03f,hurricane-matthew_00000000,hurricane-matthew,0,0,0,0.9015889167785645,0.9253764748573303,2.4029128551483154,3.0790531635284424,0.0063580721616744995,0.0023761303164064884,-2.551520586013794,-2.885674238204956,0.08134080469608307,0.037130482494831085,-0.0025979308411478996,-0.13670916855335236,0.01071218866854906,0.03511688485741615,-2.0298638343811035,-0.1924656182527542,0,0,0.9015889167785645,0.9253764748573304,0.3782481849193573,0.3260159492492676,0.201176255941391,0.1819877475500106,0.9015889167785645,0.9253764748573304,2.4029128551483154,3.0790531635284424,0.0063580721616744,0.0023761303164064,-2.551520586013794,-2.885674238204956,0.081340804696083,0.037130482494831,-0.0025979308411478,-0.1367091685533523,0.010712188668549,0.0351168848574161,-2.0298638343811035,-0.1924656182527542
844,8,76,96,hurricane-matthew_00000000__53153a7b-065a-4dcc-aa22-2bd31871ad62,hurricane-matthew_00000000,hurricane-matthew,2,0,3,0.710341215133667,0.17213797569274902,1.370778203010559,-0.18603107333183289,0.04456309974193573,0.025784462690353394,-1.3980610370635986,-2.0845553874969482,0.11371010541915894,0.22929641604423523,-0.4613150358200073,0.10068816691637039,0.13138556480407715,0.5727811455726624,-0.316831111907959,1.0161762237548828,0,3,0.710341215133667,0.5727811455726624,0.8954528570175171,1.0540659427642822,0.6661400198936462,2.202720880508423,0.710341215133667,0.172137975692749,1.370778203010559,-0.1860310733318328,0.0445630997419357,0.0257844626903533,-1.3980610370635986,-2.084555387496948,0.1137101054191589,0.2292964160442352,-0.4613150358200073,0.1006881669163703,0.1313855648040771,0.5727811455726624,-0.316831111907959,1.0161762237548828
846,8,78,96,hurricane-matthew_00000000__5374ddee-9471-46c4-b7b1-1e79fc3a1f58,hurricane-matthew_00000000,hurricane-matthew,3,3,3,0.23780545592308044,0.24266070127487183,1.3355594873428345,0.21577858924865723,0.0021320474334061146,0.025502551347017288,-3.3788106441497803,-2.037107229232788,0.004250135272741318,0.14614836871623993,-2.6889429092407227,-0.29126328229904175,0.7558123469352722,0.5856883525848389,2.4918997287750244,1.0969022512435913,3,3,0.7558123469352722,0.5856883525848389,0.5894820690155029,1.031584858894348,2.278069257736206,2.074864387512207,0.2378054559230804,0.2426607012748718,1.3355594873428345,0.2157785892486572,0.0021320474334061,0.0255025513470172,-3.3788106441497803,-2.037107229232788,0.0042501352727413,0.1461483687162399,-2.6889429092407227,-0.2912632822990417,0.7558123469352722,0.5856883525848389,2.4918997287750244,1.0969022512435913
890,9,26,96,hurricane-matthew_00000000__a553b781-5237-4d65-b5b2-04018c9c2807,hurricane-matthew_00000000,hurricane-matthew,1,0,0,0.7314181923866272,0.4680373966693878,1.4077497720718384,0.7797155976295471,0.11275967210531235,0.1528230458498001,-0.46197691559791565,-0.3395518958568573,0.059722449630498886,0.21971410512924194,-1.0975276231765747,0.023494528606534004,0.09609967470169067,0.15942537784576416,-0.6218496561050415,-0.2972567081451416,0,0,0.7314181923866272,0.4680373966693878,0.8682648539543152,1.2681059837341309,0.520503580570221,1.07052743434906,0.7314181923866272,0.4680373966693878,1.4077497720718384,0.7797155976295471,0.1127596721053123,0.1528230458498001,-0.4619769155979156,-0.3395518958568573,0.0597224496304988,0.2197141051292419,-1.0975276231765747,0.023494528606534,0.0960996747016906,0.1594253778457641,-0.6218496561050415,-0.2972567081451416
2945,30,65,96,hurricane-matthew_00000030__92026d60-b564-4a11-9b7a-30dc76abeaa5,hurricane-matthew_00000030,hurricane-matthew,0,0,2,0.9968023300170898,0.14886309206485748,5.670556545257568,-0.08820869028568268,0.0020470235031098127,0.007022612728178501,-0.5176088809967041,-3.1421005725860596,0.001146797090768814,0.807248592376709,-1.0970230102539062,1.602396011352539,3.87941599910846e-06,0.03686574101448059,-6.786066055297852,-1.4839529991149902,0,2,0.9968023300170898,0.807248592376709,0.0236794799566268,0.6128915548324585,0.0043522557243704,1.7321170568466189,0.9968023300170898,0.1488630920648574,5.670556545257568,-0.0882086902856826,0.0020470235031098,0.0070226127281785,-0.5176088809967041,-3.14210057258606,0.0011467970907688,0.807248592376709,-1.0970230102539062,1.602396011352539,3.87941599910846e-06,0.0368657410144805,-6.786066055297852,-1.4839529991149902
3528,36,72,96,hurricane-matthew_00000037__3d34d4a7-6cb9-4dd1-a779-faf5b256f319,hurricane-matthew_00000037,hurricane-matthew,1,0,0,0.9339508414268494,0.9939286708831787,3.849660634994507,4.373372554779053,0.03324681147933006,7.454183651134372e-05,0.5141956806182861,-5.124687194824219,0.032579123973846436,0.0043905507773160934,0.49390873312950134,-1.0488381385803223,0.00022325267491396517,0.001606230391189456,-4.4892144203186035,-2.054403066635132,0,0,0.9339508414268494,0.9939286708831788,0.2904141843318939,0.0409288145601749,0.0990748181939125,0.0136743346229195,0.9339508414268494,0.9939286708831788,3.849660634994507,4.373372554779053,0.03324681147933,7.454183651134372e-05,0.5141956806182861,-5.124687194824219,0.0325791239738464,0.004390550777316,0.4939087331295013,-1.0488381385803225,0.0002232526749139,0.0016062303911894,-4.489214420318604,-2.054403066635132
4181,43,53,96,hurricane-matthew_00000043__8fa2b311-4ad0-4b6d-af2f-3ca06335b879,hurricane-matthew_00000043,hurricane-matthew,1,0,1,0.9842356443405151,0.32911089062690735,4.002022743225098,0.49582377076148987,0.010503770783543587,0.35649803280830383,-0.5381084084510803,0.5757576823234558,0.004920889623463154,0.3099440634250641,-1.2963531017303467,0.4358207881450653,0.0003396171086933464,0.004447033628821373,-3.9697790145874023,-3.8083338737487793,0,1,0.9842356443405152,0.3564980328083038,0.0923585146665573,1.1206026077270508,0.021364402025938,0.989727258682251,0.9842356443405152,0.3291108906269073,4.002022743225098,0.4958237707614898,0.0105037707835435,0.3564980328083038,-0.5381084084510803,0.5757576823234558,0.0049208896234631,0.3099440634250641,-1.296353101730347,0.4358207881450653,0.0003396171086933,0.0044470336288213,-3.9697790145874015,-3.8083338737487793
5128,53,40,96,hurricane-matthew_00000060__4af10d40-d5e0-4b9e-bed0-08921e886b06,hurricane-matthew_00000060,hurricane-matthew,3,3,3,0.3076211214065552,0.16682355105876923,1.1214184761047363,-0.28256577253341675,0.008011553436517715,0.06064828112721443,-2.5265655517578125,-1.2944111824035645,0.017423875629901886,0.07653354853391647,-1.7496089935302734,-1.0617733001708984,0.6669434309005737,0.6959946155548096,1.8952548503875732,1.1458394527435303,3,3,0.6669434309005737,0.6959946155548096,0.7420317530632019,0.9176584482192992,2.043689489364624,2.301699161529541,0.3076211214065552,0.1668235510587692,1.1214184761047363,-0.2825657725334167,0.0080115534365177,0.0606482811272144,-2.5265655517578125,-1.2944111824035645,0.0174238756299018,0.0765335485339164,-1.7496089935302734,-1.0617733001708984,0.6669434309005737,0.6959946155548096,1.8952548503875728,1.1458394527435305
6321,65,81,96,hurricane-matthew_00000075__b1065d3e-885c-4509-b5c5-a98261acd2b5,hurricane-matthew_00000075,hurricane-matthew,1,0,0,0.9910146594047546,0.9174286723136902,4.700209140777588,2.4812161922454834,0.0017983750440180302,0.004505843389779329,-1.6116368770599365,-2.8349835872650146,0.005489155650138855,0.05158443748950958,-0.49574583768844604,-0.3971386253833771,0.0016978061757981777,0.026481060311198235,-1.6691831350326538,-1.0639288425445557,0,0,0.9910146594047546,0.9174286723136902,0.0597124174237251,0.3524919152259826,0.0178701058030128,0.1871179044246673,0.9910146594047546,0.9174286723136902,4.700209140777588,2.4812161922454834,0.001798375044018,0.0045058433897793,-1.6116368770599363,-2.834983587265014,0.0054891556501388,0.0515844374895095,-0.495745837688446,-0.3971386253833771,0.0016978061757981,0.0264810603111982,-1.6691831350326538,-1.0639288425445557
7957,82,85,96,hurricane-matthew_00000089__c8e566c0-1c40-48ba-aafa-fdedf44f8cfe,hurricane-matthew_00000089,hurricane-matthew,1,2,2,0.2760327160358429,0.010927844792604446,0.7559534907341003,-1.3431859016418457,0.3296259045600891,0.0066701387986540794,0.9333925247192383,-1.8368597030639648,0.38721492886543274,0.9815752506256104,1.0944141149520874,3.154658555984497,0.007126438897103071,0.0008268025703728199,-2.90075421333313,-3.924689531326294,2,2,0.3872149288654327,0.9815752506256104,1.1237497329711914,0.1068956926465034,1.1254351139068604,1.972301006317139,0.2760327160358429,0.0109278447926044,0.7559534907341003,-1.3431859016418457,0.3296259045600891,0.006670138798654,0.9333925247192384,-1.8368597030639648,0.3872149288654327,0.9815752506256104,1.0944141149520874,3.154658555984497,0.007126438897103,0.0008268025703728,-2.90075421333313,-3.924689531326294
8496,88,48,96,hurricane-matthew_00000092__d27d9495-e086-427c-8bbb-f07e501fb1ef,hurricane-matthew_00000092,hurricane-matthew,1,0,0,0.6926319003105164,0.7636002898216248,1.5550516843795776,1.5720863342285156,0.1763165444135666,0.03793637454509735,0.186833918094635,-1.4300477504730225,0.08873887360095978,0.04743608459830284,-0.49974873661994934,-1.2065749168395996,0.04231271520256996,0.15102721750736237,-1.2403593063354492,-0.04849804937839508,0,0,0.6926319003105164,0.7636002898216248,0.909118115901947,0.7601620554924011,0.4807324409484863,0.5858902335166931,0.6926319003105164,0.7636002898216248,1.5550516843795776,1.5720863342285156,0.1763165444135666,0.0379363745450973,0.186833918094635,-1.4300477504730225,0.0887388736009597,0.0474360845983028,-0.4997487366199493,-1.2065749168395996,0.0423127152025699,0.1510272175073623,-1.2403593063354492,-0.048498049378395
10466,109,2,96,hurricane-matthew_00000106__02f94f75-477f-4768-86b6-e03a8746de72,hurricane-matthew_00000106,hurricane-matthew,1,2,2,0.02737797610461712,0.1040329784154892,-0.7464323043823242,-0.9840042591094971,0.02357529103755951,0.0882088765501976,-0.8959720134735107,-1.1490048170089722,0.9449857473373413,0.7814918160438538,2.7949986457824707,1.0324923992156982,0.004061002749949694,0.02626636251807213,-2.6547412872314453,-2.3604230880737305,2,2,0.9449857473373412,0.7814918160438538,0.2626897692680359,0.7378796935081482,1.925729751586914,1.7299915552139282,0.0273779761046171,0.1040329784154892,-0.7464323043823242,-0.9840042591094972,0.0235752910375595,0.0882088765501976,-0.8959720134735107,-1.1490048170089722,0.9449857473373412,0.7814918160438538,2.7949986457824707,1.0324923992156982,0.0040610027499496,0.0262663625180721,-2.6547412872314453,-2.3604230880737305
10596,110,36,96,hurricane-matthew_00000106__4a14d4a6-cb6e-4c8e-83cb-a84c72ca9b2e,hurricane-matthew_00000106,hurricane-matthew,1,0,0,0.43211862444877625,0.5291834473609924,1.3528826236724854,1.0555825233459473,0.3158701956272125,0.19264133274555206,1.0395138263702393,0.04507727175951004,0.2496258169412613,0.25051504373550415,0.8041455149650574,0.3077661693096161,0.002385432133451104,0.027660172432661057,-3.8464369773864746,-1.8957592248916626,0,0,0.4321186244487762,0.5291834473609924,1.0874207019805908,1.1000590324401855,0.8222781419754028,0.776651918888092,0.4321186244487762,0.5291834473609924,1.3528826236724854,1.0555825233459473,0.3158701956272125,0.192641332745552,1.0395138263702393,0.04507727175951,0.2496258169412613,0.2505150437355041,0.8041455149650574,0.3077661693096161,0.0023854321334511,0.027660172432661,-3.8464369773864746,-1.8957592248916624
16350,170,30,96,hurricane-matthew_00000245__d6455568-b5b3-434e-b2fa-e9d9831775ad,hurricane-matthew_00000245,hurricane-matthew,3,3,3,0.12485486268997192,0.05427275225520134,0.23669570684432983,0.24902203679084778,0.028168566524982452,0.05280105769634247,-1.2522494792938232,0.22153082489967346,0.008761386387050152,0.0012216176837682724,-2.420102119445801,-3.5448243618011475,0.8382151126861572,0.8917045593261719,2.1408185958862305,3.0481345653533936,3,3,0.8382151126861572,0.8917045593261719,0.5497573614120483,0.423837661743164,2.5603365898132324,2.7303578853607178,0.1248548626899719,0.0542727522552013,0.2366957068443298,0.2490220367908477,0.0281685665249824,0.0528010576963424,-1.2522494792938232,0.2215308248996734,0.0087613863870501,0.0012216176837682,-2.420102119445801,-3.5448243618011475,0.8382151126861572,0.8917045593261719,2.1408185958862305,3.0481345653533936
16681,173,73,96,hurricane-matthew_00000260__7c7e03de-db14-4620-b14d-6fc53388b915,hurricane-matthew_00000260,hurricane-matthew,3,3,0,0.40538373589515686,0.8682096600532532,0.8471274375915527,2.200132369995117,0.15905162692070007,0.029177626594901085,-0.08847789466381073,-1.1928987503051758,0.023550989106297493,0.028485380113124847,-1.998538851737976,-1.2169098854064941,0.4120136499404907,0.07412725687026978,0.8633497953414917,-0.26051759719848633,3,0,0.4120136499404907,0.8682096600532532,1.112065076828003,0.5200595855712891,1.442194581031799,0.3085301518440246,0.4053837358951568,0.8682096600532532,0.8471274375915527,2.200132369995117,0.1590516269207,0.029177626594901,-0.0884778946638107,-1.1928987503051758,0.0235509891062974,0.0284853801131248,-1.998538851737976,-1.216909885406494,0.4120136499404907,0.0741272568702697,0.8633497953414917,-0.2605175971984863
17193,179,9,96,hurricane-matthew_00000282__9b3befd4-7e92-4832-b7b7-d9eba4dcc476,hurricane-matthew_00000282,hurricane-matthew,3,3,3,0.2163114845752716,0.3453036844730377,0.4066922664642334,1.7749251127243042,0.0503547340631485,0.08363393694162369,-1.0509345531463623,0.3569503128528595,0.023724542930722237,0.000531227036844939,-1.8035168647766113,-4.7020649909973145,0.7096092104911804,0.5705311298370361,1.5946873426437378,2.277068614959717,3,3,0.7096092104911804,0.5705311298370361,0.8138583302497864,0.898874044418335,2.2266314029693604,1.7962898015975952,0.2163114845752716,0.3453036844730377,0.4066922664642334,1.7749251127243042,0.0503547340631485,0.0836339369416236,-1.0509345531463623,0.3569503128528595,0.0237245429307222,0.0005312270368449,-1.8035168647766116,-4.7020649909973145,0.7096092104911804,0.5705311298370361,1.5946873426437378,2.277068614959717
17393,181,17,96,hurricane-matthew_00000286__a086fb3b-b52c-4286-8172-a7ac62b54fd3,hurricane-matthew_00000286,hurricane-matthew,1,3,3,0.16044722497463226,0.10621944814920425,-0.17469605803489685,-0.493735134601593,0.0778847262263298,0.07245764881372452,-0.8974312543869019,-0.8762401342391968,0.11954820156097412,0.1277952939271927,-0.46894142031669617,-0.30881279706954956,0.6421197652816772,0.6935276389122009,1.2121137380599976,1.3825486898422241,3,3,0.6421197652816772,0.6935276389122009,1.0307586193084717,0.945076584815979,2.243340492248535,2.4086310863494877,0.1604472249746322,0.1062194481492042,-0.1746960580348968,-0.493735134601593,0.0778847262263298,0.0724576488137245,-0.8974312543869019,-0.8762401342391968,0.1195482015609741,0.1277952939271927,-0.4689414203166961,-0.3088127970695495,0.6421197652816772,0.6935276389122009,1.2121137380599976,1.382548689842224
17456,181,80,96,hurricane-matthew_00000286__eb1771b9-46d7-4457-8196-8174035484c7,hurricane-matthew_00000286,hurricane-matthew,1,0,0,0.5127012729644775,0.7407765984535217,1.489587426185608,1.7060407400131226,0.03830516338348389,0.15480582416057587,-1.1045210361480713,0.14051327109336853,0.00665136007592082,0.044295936822891235,-2.8552846908569336,-1.1107653379440308,0.44234222173690796,0.060121726244688034,1.341977834701538,-0.8052870035171509,0,0,0.5127012729644775,0.7407765984535217,0.8616229295730591,0.8181673884391785,1.3786344528198242,0.4237628579139709,0.5127012729644775,0.7407765984535217,1.489587426185608,1.7060407400131226,0.0383051633834838,0.1548058241605758,-1.1045210361480713,0.1405132710933685,0.0066513600759208,0.0442959368228912,-2.8552846908569336,-1.1107653379440308,0.4423422217369079,0.060121726244688,1.341977834701538,-0.8052870035171509
20951,218,23,96,hurricane-matthew_00000351__d16b9ff2-2d4a-4c66-892c-724710438abd,hurricane-matthew_00000351,hurricane-matthew,1,2,0,0.27517277002334595,0.780071496963501,0.3152478039264679,2.0799667835235596,0.031079905107617378,0.012713154777884483,-1.8655900955200195,-2.0367815494537354,0.5870813131332397,0.16296762228012085,1.0730119943618774,0.5141327977180481,0.10666601359844208,0.04424779489636421,-0.6324487328529358,-0.7896132469177246,2,0,0.5870813131332397,0.780071496963501,1.0143541097640991,0.6828594207763672,1.5252405405044556,0.4713917970657348,0.2751727700233459,0.780071496963501,0.3152478039264679,2.07996678352356,0.0310799051076173,0.0127131547778844,-1.8655900955200195,-2.036781549453736,0.5870813131332397,0.1629676222801208,1.0730119943618774,0.5141327977180481,0.106666013598442,0.0442477948963642,-0.6324487328529358,-0.7896132469177246
23443,244,19,96,nepal-flooding_00000001__00825c05-538a-4b3f-ba20-fc5c9ce577bf,nepal-flooding_00000001,nepal-flooding,0,0,0,0.9935408234596252,0.9691864252090454,5.3727617263793945,3.6018431186676025,0.006301527842879295,0.020467249676585197,0.3122788369655609,-0.2557879090309143,0.00014080986147746444,0.0017133784713223577,-3.488858699798584,-2.7361466884613037,1.6801966921775602e-05,0.00863293930888176,-5.614772796630859,-1.1190290451049805,0,0,0.9935408234596252,0.9691864252090454,0.0398013181984424,0.1618677675724029,0.0066335536539554,0.0497928261756897,0.9935408234596252,0.9691864252090454,5.3727617263793945,3.6018431186676025,0.0063015278428792,0.0204672496765851,0.3122788369655609,-0.2557879090309143,0.0001408098614774,0.0017133784713223,-3.488858699798584,-2.736146688461304,1.6801966921775602e-05,0.0086329393088817,-5.614772796630859,-1.1190290451049805
23540,245,20,96,nepal-flooding_00000002__3dfbe567-9e42-4b3c-b796-d5e21091746e,nepal-flooding_00000002,nepal-flooding,1,0,0,0.993420422077179,0.8769021034240723,4.218485355377197,2.6522819995880127,0.005853552371263504,0.10361689329147339,-0.9156197309494019,0.5165870785713196,0.0004865469818469137,0.008263769559562206,-3.403090476989746,-2.0122323036193848,0.00023948634043335915,0.011217203922569752,-4.111927509307861,-1.7066649198532104,0,0,0.993420422077179,0.8769021034240723,0.0423573479056358,0.4400956630706787,0.0075451051816344,0.1537960469722747,0.993420422077179,0.8769021034240723,4.218485355377197,2.6522819995880127,0.0058535523712635,0.1036168932914733,-0.915619730949402,0.5165870785713196,0.0004865469818469,0.0082637695595622,-3.403090476989746,-2.0122323036193848,0.0002394863404333,0.0112172039225697,-4.111927509307861,-1.7066649198532104
23620,246,4,96,nepal-flooding_00000004__374f1adc-b3bb-4802-9f12-cbec99d1c5bc,nepal-flooding_00000004,nepal-flooding,0,0,0,0.951217770576477,0.912998378276825,3.5454185009002686,2.672804355621338,0.04084056243300438,0.06050853058695793,0.39735129475593567,-0.04114522784948349,0.007793270982801914,0.009658429771661758,-1.2590641975402832,-1.8760987520217896,0.000148387422086671,0.016834698617458344,-5.220252990722656,-1.32048761844635,0,0,0.951217770576477,0.912998378276825,0.2173244506120681,0.3663994073867798,0.0568722672760486,0.1303294897079467,0.951217770576477,0.912998378276825,3.545418500900269,2.672804355621338,0.0408405624330043,0.0605085305869579,0.3973512947559356,-0.0411452278494834,0.0077932709828019,0.0096584297716617,-1.2590641975402832,-1.8760987520217896,0.0001483874220866,0.0168346986174583,-5.220252990722656,-1.32048761844635
23623,246,7,96,nepal-flooding_00000004__67a76847-107b-41b1-9edb-950bc0b954af,nepal-flooding_00000004,nepal-flooding,3,0,0,0.9778426289558411,0.8733420968055725,3.1123111248016357,1.867031216621399,0.005232319235801697,0.03438281640410423,-2.118182897567749,-1.367738962173462,0.012846781872212887,0.06871034950017929,-1.2199444770812988,-0.6753963828086853,0.004078180994838476,0.023564819246530533,-2.36738657951355,-1.7455412149429321,0,0,0.9778426289558412,0.8733420968055725,0.1277768760919571,0.506469190120697,0.0431604236364364,0.242497980594635,0.9778426289558412,0.8733420968055725,3.112311124801636,1.867031216621399,0.0052323192358016,0.0343828164041042,-2.118182897567749,-1.367738962173462,0.0128467818722128,0.0687103495001792,-1.2199444770812988,-0.6753963828086853,0.0040781809948384,0.0235648192465305,-2.36738657951355,-1.745541214942932
23634,246,18,96,nepal-flooding_00000004__d65abe58-2a8c-4583-a048-7a2a7a85503f,nepal-flooding_00000004,nepal-flooding,2,0,0,0.9465112090110779,0.8453568816184998,3.1821744441986084,2.820573568344116,0.044888317584991455,0.13412097096443176,0.13356921076774597,0.9795567989349365,0.007799923419952393,0.01846553198993206,-1.6164946556091309,-1.0032793283462524,0.0008005416020750999,0.0020567181054502726,-3.8930752277374268,-3.198073625564575,0,0,0.946511209011078,0.8453568816184998,0.2349125146865844,0.4979034960269928,0.0628897920250892,0.177222192287445,0.946511209011078,0.8453568816184998,3.1821744441986084,2.820573568344116,0.0448883175849914,0.1341209709644317,0.1335692107677459,0.9795567989349364,0.0077999234199523,0.018465531989932,-1.6164946556091309,-1.0032793283462524,0.000800541602075,0.0020567181054502,-3.8930752277374263,-3.198073625564575
24992,260,32,96,nepal-flooding_00000022__9b9b6dc1-21da-4998-82ba-e7d74678ce64,nepal-flooding_00000022,nepal-flooding,0,0,1,0.856827437877655,0.16370543837547302,2.5457584857940674,-0.30907025933265686,0.09521470963954926,0.4659285247325897,0.3486563563346863,0.7368932366371155,0.04623180627822876,0.20316922664642334,-0.3738100230693817,-0.09309976547956467,0.001726033864542842,0.16719681024551392,-3.661651849746704,-0.287967324256897,0,1,0.856827437877655,0.4659285247325897,0.5094062685966492,1.2749354839324951,0.1928564310073852,1.3738573789596558,0.856827437877655,0.163705438375473,2.5457584857940674,-0.3090702593326568,0.0952147096395492,0.4659285247325897,0.3486563563346863,0.7368932366371155,0.0462318062782287,0.2031692266464233,-0.3738100230693817,-0.0930997654795646,0.0017260338645428,0.1671968102455139,-3.661651849746704,-0.287967324256897
27850,290,10,96,nepal-flooding_00000074__1b1444ed-5808-4363-92ba-6af78be6c6f9,nepal-flooding_00000074,nepal-flooding,0,0,0,0.9977631568908691,0.979716956615448,4.8934197425842285,4.093557357788086,0.0018527028150856495,0.01621958613395691,-1.3954507112503052,-0.007486932910978794,0.0002548662305343896,0.0030248702969402075,-3.379112720489502,-1.6868383884429932,0.00012920932203996927,0.0010385486530140042,-4.058418273925781,-2.7558820247650146,0,0,0.9977631568908693,0.979716956615448,0.0171558056026697,0.1116072311997413,0.0027500633150339,0.0253849737346172,0.9977631568908693,0.979716956615448,4.8934197425842285,4.093557357788086,0.0018527028150856,0.0162195861339569,-1.3954507112503052,-0.0074869329109787,0.0002548662305343,0.0030248702969402,-3.379112720489502,-1.6868383884429932,0.0001292093220399,0.001038548653014,-4.058418273925781,-2.755882024765014
27911,290,71,96,nepal-flooding_00000074__94ca2af3-2e3d-4628-a7c4-5ac09446a778,nepal-flooding_00000074,nepal-flooding,1,0,0,0.978093683719635,0.9820539951324463,3.478050708770752,4.12673807144165,0.01938294619321823,0.010924439877271652,-0.44316133856773376,-0.3719055652618408,0.001341025112196803,0.0008330701384693384,-3.1141204833984375,-2.9455454349517822,0.0011823527747765183,0.00618855282664299,-3.240048408508301,-0.9402070641517639,0,0,0.978093683719635,0.9820539951324464,0.1149378940463066,0.1045029163360595,0.0256120543926954,0.031156238168478,0.978093683719635,0.9820539951324464,3.478050708770752,4.12673807144165,0.0193829461932182,0.0109244398772716,-0.4431613385677337,-0.3719055652618408,0.0013410251121968,0.0008330701384693,-3.114120483398437,-2.9455454349517822,0.0011823527747765,0.0061885528266429,-3.240048408508301,-0.940207064151764
28053,292,21,96,nepal-flooding_00000075__5b698563-270a-4f3b-ab39-79ddba77242d,nepal-flooding_00000075,nepal-flooding,0,0,0,0.8945164680480957,0.7230854034423828,3.6875760555267334,2.407444715499878,0.09689094871282578,0.23909233510494232,1.4648786783218384,1.300767183303833,0.008469135500490665,0.0356680229306221,-0.9722790718078613,-0.6018281579017639,0.00012349530879873782,0.002154268091544509,-5.200259685516357,-3.4086318016052246,0,0,0.8945164680480957,0.7230854034423828,0.3673937618732452,0.7086902260780334,0.1141997054219245,0.3168911933898926,0.8945164680480957,0.7230854034423828,3.687576055526733,2.407444715499878,0.0968909487128257,0.2390923351049423,1.4648786783218384,1.300767183303833,0.0084691355004906,0.0356680229306221,-0.9722790718078612,-0.6018281579017639,0.0001234953087987,0.0021542680915445,-5.200259685516357,-3.4086318016052246
28405,295,85,96,nepal-flooding_00000077__72dccc60-7412-4529-a96b-b5fb94a7eaa9,nepal-flooding_00000077,nepal-flooding,0,0,0,0.9993166923522949,0.9585677981376648,5.991940975189209,3.6316564083099365,0.0006414785166271031,0.023176686838269234,-1.3591103553771973,-0.09063688665628433,3.154109072056599e-05,0.000651245063636452,-4.3715949058532715,-3.6626532077789307,1.0240126357530244e-05,0.017604321241378784,-5.496572017669678,-0.36563944816589355,0,0,0.9993166923522948,0.9585677981376648,0.0058436035178601,0.2037054598331451,0.0007352810935117,0.0772921442985534,0.9993166923522948,0.9585677981376648,5.991940975189209,3.631656408309937,0.0006414785166271,0.0231766868382692,-1.3591103553771973,-0.0906368866562843,3.154109072056599e-05,0.0006512450636364,-4.371594905853272,-3.66265320777893,1.0240126357530244e-05,0.0176043212413787,-5.496572017669678,-0.3656394481658935
30546,318,18,96,nepal-flooding_00000114__3073883f-0599-4adb-bc0f-f3d4a1670fd8,nepal-flooding_00000114,nepal-flooding,0,2,0,0.36107730865478516,0.9968563318252563,1.6624747514724731,5.000419616699219,0.0001784041669452563,0.0026117584202438593,-5.950320720672607,-0.9441633224487305,0.5932648181915283,0.0004535103216767311,2.1590235233306885,-2.6949241161346436,0.04547947645187378,7.845500658731908e-05,-0.40935617685317993,-4.449417591094971,2,0,0.5932648181915283,0.9968563318252563,0.8196622133255005,0.0229057390242815,1.3231464624404907,0.0037541440688073,0.3610773086547851,0.9968563318252563,1.6624747514724731,5.000419616699219,0.0001784041669452,0.0026117584202438,-5.950320720672607,-0.9441633224487304,0.5932648181915283,0.0004535103216767,2.1590235233306885,-2.694924116134644,0.0454794764518737,7.845500658731908e-05,-0.4093561768531799,-4.449417591094971
34926,363,78,96,nepal-flooding_00000194__512cdabc-2388-44bf-8e6d-ed634ef25511,nepal-flooding_00000194,nepal-flooding,1,0,0,0.9447097778320312,0.9398466944694519,2.4999637603759766,2.8347809314727783,0.012405404821038246,0.013130981475114822,-1.8327817916870117,-1.4359614849090576,0.02340121939778328,0.01847848668694496,-1.1981258392333984,-1.094328761100769,0.01948358863592148,0.028543861582875252,-1.3813413381576538,-0.6594938635826111,0,0,0.9447097778320312,0.939846694469452,0.2727885246276855,0.2904616594314575,0.117658607661724,0.1357195377349853,0.9447097778320312,0.939846694469452,2.499963760375977,2.8347809314727783,0.0124054048210382,0.0131309814751148,-1.832781791687012,-1.4359614849090576,0.0234012193977832,0.0184784866869449,-1.1981258392333984,-1.094328761100769,0.0194835886359214,0.0285438615828752,-1.3813413381576538,-0.6594938635826111
36770,383,2,96,nepal-flooding_00000214__e04505cd-bfa6-4c72-9312-b56c841ef848,nepal-flooding_00000214,nepal-flooding,0,0,0,0.9900744557380676,0.8787698745727539,4.4156718254089355,3.7460849285125732,0.008938834071159363,0.11723039299249649,-0.29170307517051697,1.7317030429840088,0.0008862752001732588,0.0038294638507068157,-2.6028358936309814,-1.6897131204605103,0.00010039179323939607,0.0001702445006230846,-4.780783653259277,-4.802958011627197,0,0,0.9900744557380676,0.8787698745727539,0.0591971464455127,0.3876506090164184,0.0110125597566366,0.1254000514745712,0.9900744557380676,0.8787698745727539,4.415671825408936,3.746084928512573,0.0089388340711593,0.1172303929924964,-0.2917030751705169,1.7317030429840088,0.0008862752001732,0.0038294638507068,-2.602835893630981,-1.6897131204605105,0.0001003917932393,0.000170244500623,-4.780783653259277,-4.802958011627197
37663,392,31,96,nepal-flooding_00000225__c7b5d7de-3db6-496f-92fc-7699f80a6f6a,nepal-flooding_00000225,nepal-flooding,0,0,2,0.43950340151786804,0.15765130519866943,0.6932574510574341,-0.28058943152427673,0.09161932021379471,0.3098519444465637,-0.8747458457946777,0.39511948823928833,0.1815897822380066,0.4066151976585388,-0.19063781201839447,0.6668921709060669,0.28728756308555603,0.12588147819042206,0.2680957317352295,-0.5056341886520386,0,2,0.439503401517868,0.4066151976585388,1.2484192848205566,1.2810683250427246,1.3166615962982178,1.5007266998291016,0.439503401517868,0.1576513051986694,0.6932574510574341,-0.2805894315242767,0.0916193202137947,0.3098519444465637,-0.8747458457946777,0.3951194882392883,0.1815897822380066,0.4066151976585388,-0.1906378120183944,0.6668921709060669,0.287287563085556,0.125881478190422,0.2680957317352295,-0.5056341886520386
37728,393,0,96,nepal-flooding_00000225__f93c6228-29e9-4ed1-a02b-032f52ebfdb8,nepal-flooding_00000225,nepal-flooding,1,0,2,0.4643092155456543,0.3135257363319397,1.003448486328125,0.2916012704372406,0.042401134967803955,0.1264459639787674,-1.3899271488189697,-0.6164649724960327,0.08276242762804031,0.4310576617717743,-0.7211281061172485,0.609961748123169,0.4105272591114044,0.12897071242332458,0.8803400993347168,-0.596694827079773,0,2,0.4643092155456543,0.4310576617717743,1.0619559288024902,1.2520277500152588,1.4395078420639038,1.3754733800888062,0.4643092155456543,0.3135257363319397,1.003448486328125,0.2916012704372406,0.0424011349678039,0.1264459639787674,-1.3899271488189695,-0.6164649724960327,0.0827624276280403,0.4310576617717743,-0.7211281061172485,0.609961748123169,0.4105272591114044,0.1289707124233245,0.8803400993347168,-0.596694827079773
41238,429,54,96,nepal-flooding_00000295__4cc45075-bca2-4b24-aa7f-28c6207b4d62,nepal-flooding_00000295,nepal-flooding,0,0,1,0.9514756798744202,0.32390087842941284,2.571489095687866,0.6131629347801208,0.010619904845952988,0.4496120512485504,-1.9237947463989258,0.9411105513572693,0.01946866512298584,0.19708295166492462,-1.317718744277954,0.11635013669729233,0.018435798585414886,0.02940419130027294,-1.372230887413025,-1.786137342453003,0,1,0.9514756798744202,0.4496120512485504,0.2459039688110351,1.1483314037322998,0.104864627122879,0.9319905042648317,0.9514756798744202,0.3239008784294128,2.571489095687866,0.6131629347801208,0.0106199048459529,0.4496120512485504,-1.9237947463989256,0.9411105513572692,0.0194686651229858,0.1970829516649246,-1.317718744277954,0.1163501366972923,0.0184357985854148,0.0294041913002729,-1.372230887413025,-1.786137342453003
41900,436,44,96,nepal-flooding_00000307__619ca2ec-c0d4-4ff6-ad51-eac686196391,nepal-flooding_00000307,nepal-flooding,1,0,0,0.7135276794433594,0.7560458183288574,1.4782158136367798,1.6982784271240234,0.03558414429426193,0.04794454947113991,-1.5201051235198975,-1.0597784519195557,0.12185166031122208,0.06506785750389099,-0.28920093178749084,-0.7543928623199463,0.1290365606546402,0.13094179332256317,-0.23190946877002716,-0.05507063865661621,0,0,0.7135276794433594,0.7560458183288574,0.8802581429481506,0.8010638952255249,0.6663971543312073,0.5709056258201599,0.7135276794433594,0.7560458183288574,1.4782158136367798,1.6982784271240234,0.0355841442942619,0.0479445494711399,-1.5201051235198977,-1.0597784519195557,0.121851660311222,0.0650678575038909,-0.2892009317874908,-0.7543928623199463,0.1290365606546402,0.1309417933225631,-0.2319094687700271,-0.0550706386566162
41958,437,6,96,nepal-flooding_00000307__ef08b588-a31b-4003-9ac9-7ade82b488a8,nepal-flooding_00000307,nepal-flooding,1,1,0,0.11312851309776306,0.38010063767433167,-0.6456500887870789,0.3807062804698944,0.4942953884601593,0.2553235590457916,0.8289588689804077,-0.017198197543621063,0.3181443214416504,0.21921612322330475,0.38833069801330566,-0.16967171430587769,0.07443170994520187,0.14535972476005554,-1.064292311668396,-0.5805181264877319,1,0,0.4942953884601593,0.3801006376743316,1.152543544769287,1.3292887210845947,1.35387921333313,1.12983500957489,0.113128513097763,0.3801006376743316,-0.6456500887870789,0.3807062804698944,0.4942953884601593,0.2553235590457916,0.8289588689804077,-0.017198197543621,0.3181443214416504,0.2192161232233047,0.3883306980133056,-0.1696717143058776,0.0744317099452018,0.1453597247600555,-1.064292311668396,-0.5805181264877319
45141,470,21,96,nepal-flooding_00000359__c2560118-4025-4c97-bf77-ceab14d6616c,nepal-flooding_00000359,nepal-flooding,0,0,0,0.9917876124382019,0.9648345112800598,4.861276149749756,3.91475510597229,0.007670378312468529,0.028110863640904427,-0.000866863876581192,0.37895455956459045,0.000512719911057502,0.006924811284989119,-2.706258535385132,-1.0220906734466553,2.930019036284648e-05,0.00012977323785889894,-5.568394184112549,-4.9991679191589355,0,0,0.991787612438202,0.9648345112800598,0.0497263856232166,0.1705365926027298,0.0087837185710668,0.0423498041927814,0.991787612438202,0.9648345112800598,4.861276149749756,3.91475510597229,0.0076703783124685,0.0281108636409044,-0.0008668638765811,0.3789545595645904,0.0005127199110575,0.0069248112849891,-2.706258535385132,-1.0220906734466553,2.930019036284648e-05,0.0001297732378588,-5.568394184112549,-4.999167919158936
45350,472,38,96,nepal-flooding_00000364__4c2a4a13-5a51-4c2a-ba6d-35e74576950c,nepal-flooding_00000364,nepal-flooding,0,0,0,0.9979935884475708,0.9294558763504028,5.393458366394043,2.6318509578704834,0.0018027012702077627,0.05672718957066536,-0.9230024218559265,-0.16449463367462158,0.00013456006126943976,0.012476549483835697,-3.5180325508117676,-1.6788976192474365,6.912291428307071e-05,0.001340397633612156,-4.184156894683838,-3.9097821712493896,0,0,0.9979935884475708,0.9294558763504028,0.0152562819421291,0.2943364381790161,0.0022791901137679,0.0857014805078506,0.9979935884475708,0.9294558763504028,5.393458366394043,2.6318509578704834,0.0018027012702077,0.0567271895706653,-0.9230024218559264,-0.1644946336746215,0.0001345600612694,0.0124765494838356,-3.518032550811768,-1.6788976192474363,6.912291428307071e-05,0.0013403976336121,-4.184156894683838,-3.9097821712493896
46142,480,62,96,nepal-flooding_00000374__2fef3293-8896-4ca3-bce4-756458986f8e,nepal-flooding_00000374,nepal-flooding,0,0,0,0.9590160250663757,0.6238480806350708,3.4645655155181885,1.8482635021209717,0.021865978837013245,0.29729434847831726,-0.31641024351119995,1.1070793867111206,0.01879904232919216,0.0726918876171112,-0.4675363600254059,-0.3014136254787445,0.00031898889574222267,0.00616567675024271,-4.543941020965576,-2.7686452865600586,0,0,0.9590160250663756,0.6238480806350708,0.2009966075420379,0.8769287467002869,0.0604210309684276,0.4611751437187195,0.9590160250663756,0.6238480806350708,3.4645655155181885,1.848263502120972,0.0218659788370132,0.2972943484783172,-0.3164102435111999,1.1070793867111206,0.0187990423291921,0.0726918876171112,-0.4675363600254059,-0.3014136254787445,0.0003189888957422,0.0061656767502427,-4.543941020965576,-2.7686452865600586
47257,492,25,96,nepal-flooding_00000383__65d84e71-be41-4c49-b082-bad3954c7d0c,nepal-flooding_00000383,nepal-flooding,0,0,0,0.9360454082489014,0.8230202198028564,2.9980309009552,2.1664764881134033,0.05231263488531113,0.12879104912281036,0.11360469460487366,0.3116869628429413,0.010786857455968857,0.0248536616563797,-1.4653046131134033,-1.3334990739822388,0.0008550889906473458,0.023335088044404984,-4.000182628631592,-1.3965460062026978,0,0,0.9360454082489014,0.8230202198028564,0.2711126804351806,0.6037853956222534,0.0764516144990921,0.248503640294075,0.9360454082489014,0.8230202198028564,2.9980309009552,2.1664764881134038,0.0523126348853111,0.1287910491228103,0.1136046946048736,0.3116869628429413,0.0107868574559688,0.0248536616563797,-1.465304613113403,-1.3334990739822388,0.0008550889906473,0.0233350880444049,-4.000182628631592,-1.3965460062026978
50805,529,21,96,nepal-flooding_00000418__d4557c39-147d-4e66-abd6-fb479b222cfb,nepal-flooding_00000418,nepal-flooding,0,0,0,0.962455689907074,0.9426581263542175,3.42348313331604,2.2981550693511963,0.031161149963736534,0.01641194149851799,-0.006832834333181381,-1.7525396347045898,0.004755320027470589,0.005161995999515057,-1.886741042137146,-2.9092249870300293,0.0016277219401672482,0.03576790168881416,-2.9588234424591064,-0.9734975099563599,0,0,0.962455689907074,0.9426581263542176,0.1808002740144729,0.269432008266449,0.0455549545586109,0.1340396404266357,0.962455689907074,0.9426581263542176,3.42348313331604,2.2981550693511963,0.0311611499637365,0.0164119414985179,-0.0068328343331813,-1.7525396347045898,0.0047553200274705,0.005161995999515,-1.886741042137146,-2.9092249870300293,0.0016277219401672,0.0357679016888141,-2.9588234424591064,-0.97349750995636
51908,540,68,96,nepal-flooding_00000434__58b3d155-82c7-4a67-8898-3a9f6f380823,nepal-flooding_00000434,nepal-flooding,0,0,3,0.8739008903503418,0.3765067458152771,2.3575000762939453,0.6525256037712097,0.08565474301576614,0.15986190736293793,0.034857701510190964,-0.20410016179084778,0.03515060991048813,0.047752220183610916,-0.8558248281478882,-1.4123847484588623,0.0052937171421945095,0.41587913036346436,-2.748945951461792,0.7519842386245728,0,3,0.8739008903503418,0.4158791303634643,0.4737160205841064,1.1710023880004885,0.1718371212482452,1.503003716468811,0.8739008903503418,0.3765067458152771,2.3575000762939453,0.6525256037712097,0.0856547430157661,0.1598619073629379,0.0348577015101909,-0.2041001617908477,0.0351506099104881,0.0477522201836109,-0.8558248281478882,-1.4123847484588623,0.0052937171421945,0.4158791303634643,-2.748945951461792,0.7519842386245728
52721,549,17,96,nepal-flooding_00000448__7547c179-f3e1-460e-b48e-4870d7b5e915,nepal-flooding_00000448,nepal-flooding,0,0,0,0.9153005480766296,0.7474613785743713,3.3402535915374756,4.182423114776611,0.07999838143587112,0.2512133717536926,0.9030075073242188,3.092043161392212,0.004433328285813332,0.001274237409234047,-1.9898486137390137,-2.1919116973876953,0.00026766135124489665,5.093025538371876e-05,-4.797031402587891,-5.411557674407959,0,0,0.9153005480766296,0.7474613785743713,0.3092866837978363,0.5736016035079956,0.0896680206060409,0.2539146244525909,0.9153005480766296,0.7474613785743713,3.340253591537476,4.182423114776611,0.0799983814358711,0.2512133717536926,0.9030075073242188,3.092043161392212,0.0044333282858133,0.001274237409234,-1.9898486137390137,-2.1919116973876958,0.0002676613512448,5.093025538371876e-05,-4.797031402587891,-5.411557674407959
53248,554,64,96,nepal-flooding_00000455__70fb8397-732e-471f-9231-3f4867738129,nepal-flooding_00000455,nepal-flooding,0,0,0,0.9916247725486755,0.9208909869194031,5.98140287399292,4.19713830947876,0.008333655074238777,0.07772515714168549,1.2023601531982422,1.7249757051467896,4.0184833778766915e-05,0.0005782582447864115,-4.13220739364624,-3.175938129425049,1.3434503216558369e-06,0.0008056499646045268,-7.530456066131592,-2.844309091567993,0,0,0.9916247725486756,0.9208909869194032,0.0486619584262371,0.2844993472099304,0.0084180552512407,0.0812986269593238,0.9916247725486756,0.9208909869194032,5.98140287399292,4.19713830947876,0.0083336550742387,0.0777251571416854,1.2023601531982422,1.7249757051467896,4.018483377876692e-05,0.0005782582447864,-4.13220739364624,-3.175938129425049,1.3434503216558369e-06,0.0008056499646045,-7.530456066131592,-2.844309091567993
53905,561,49,96,nepal-flooding_00000463__12c197c7-1b56-4857-825d-0669841054c0,nepal-flooding_00000463,nepal-flooding,0,0,3,0.4882954955101013,0.08989784866571426,1.6591267585754395,-0.08360177278518677,0.0003499288286548108,0.015840966254472733,-5.581819534301758,-1.8196765184402466,0.2741697132587433,0.05172483250498772,1.0819534063339233,-0.6363378167152405,0.23718492686748505,0.8425362706184387,0.9370461702346802,2.1541409492492676,0,3,0.4882954955101013,0.8425362706184387,1.04887855052948,0.5797929763793945,1.2602441310882568,2.646899461746216,0.4882954955101013,0.0898978486657142,1.6591267585754397,-0.0836017727851867,0.0003499288286548,0.0158409662544727,-5.581819534301758,-1.8196765184402464,0.2741697132587433,0.0517248325049877,1.0819534063339231,-0.6363378167152405,0.237184926867485,0.8425362706184387,0.9370461702346802,2.154140949249268
56479,588,31,96,nepal-flooding_00000484__ef94e24c-4d5f-4995-a40e-b88d2b01210c,nepal-flooding_00000484,nepal-flooding,1,0,0,0.9841071367263794,0.9561929702758789,3.751356840133667,4.354711055755615,0.01465470902621746,0.041720401495695114,-0.45561641454696655,1.222741723060608,0.0004821458423975855,0.00015328942390624434,-3.8698863983154297,-4.383676052093506,0.0007560018566437066,0.0019332977244630456,-3.4200894832611084,-1.8490214347839355,0,0,0.9841071367263794,0.9561929702758788,0.0867686495184898,0.1887957155704498,0.0178870055824518,0.047826875001192,0.9841071367263794,0.9561929702758788,3.751356840133667,4.354711055755615,0.0146547090262174,0.0417204014956951,-0.4556164145469665,1.222741723060608,0.0004821458423975,0.0001532894239062,-3.8698863983154297,-4.383676052093506,0.0007560018566437,0.001933297724463,-3.4200894832611084,-1.8490214347839355
58346,607,74,96,nepal-flooding_00000509__fb3854f1-6a28-4014-9cfb-42fc75836128,nepal-flooding_00000509,nepal-flooding,1,1,1,0.010808581486344337,0.1632556915283203,-0.3010933995246887,-0.08833444118499756,0.9818259477615356,0.42723944783210754,4.207980155944824,0.873692512512207,0.00602189963683486,0.07720644772052765,-0.8860311508178711,-0.8371691107749939,0.0013434969587251544,0.3322983980178833,-2.386157751083374,0.6223812103271484,1,1,0.9818259477615356,0.4272394478321075,0.1066127493977546,1.2230669260025024,0.9979002475738524,1.578547477722168,0.0108085814863443,0.1632556915283203,-0.3010933995246887,-0.0883344411849975,0.9818259477615356,0.4272394478321075,4.207980155944824,0.873692512512207,0.0060218996368348,0.0772064477205276,-0.8860311508178711,-0.8371691107749939,0.0013434969587251,0.3322983980178833,-2.386157751083374,0.6223812103271484
61653,642,21,96,nepal-flooding_00000564__4840d44d-e77e-4d6a-b538-308ccf29fe32,nepal-flooding_00000564,nepal-flooding,0,0,0,0.987728476524353,0.6309494972229004,5.010647773742676,1.2495735883712769,0.011834206990897655,0.18073464930057526,0.5862340331077576,-0.0006222957745194435,0.00041527964640408754,0.015569745562970638,-2.7635631561279297,-2.4523227214813232,2.2022557459422387e-05,0.17274612188339233,-5.7004475593566895,-0.04582919180393219,0,0,0.987728476524353,0.6309494972229004,0.0681712254881858,0.967896580696106,0.0127308340743184,0.7301124930381775,0.987728476524353,0.6309494972229004,5.010647773742676,1.2495735883712769,0.0118342069908976,0.1807346493005752,0.5862340331077576,-0.0006222957745194,0.000415279646404,0.0155697455629706,-2.7635631561279297,-2.4523227214813232,2.2022557459422387e-05,0.1727461218833923,-5.7004475593566895,-0.0458291918039321
64862,675,62,96,nepal-flooding_00000618__6fc5d8c6-abdd-4631-912c-f544dc77c772,nepal-flooding_00000618,nepal-flooding,1,0,0,0.9296317100524902,0.8516436219215393,3.5511841773986816,2.207261323928833,0.06503681093454361,0.11483447998762131,0.8913490176200867,0.20358490943908691,0.005205837078392506,0.011890413239598274,-1.6338237524032593,-2.0641744136810303,0.00012569113459903747,0.021631501615047455,-5.357531547546387,-1.4657562971115112,0,0,0.9296317100524902,0.8516436219215393,0.2740660309791565,0.5209202766418457,0.0758255571126937,0.2035098075866699,0.9296317100524902,0.8516436219215393,3.5511841773986816,2.207261323928833,0.0650368109345436,0.1148344799876213,0.8913490176200867,0.2035849094390869,0.0052058370783925,0.0118904132395982,-1.6338237524032593,-2.0641744136810303,0.000125691134599,0.0216315016150474,-5.357531547546387,-1.4657562971115112
65025,677,33,96,santa-rosa-wildfire_00000000__0007d2df-182f-406c-8c17-555d6ede7c1a,santa-rosa-wildfire_00000000,santa-rosa-wildfire,0,0,0,0.5895270705223083,0.7028845548629761,1.6574981212615967,1.590546727180481,0.016195347532629967,0.017071163281798363,-1.937098503112793,-2.127255439758301,0.03346461057662964,0.11348369717597961,-1.211333990097046,-0.23298677802085876,0.3608129918575287,0.1665605902671814,1.1665372848510742,0.15071319043636322,0,0,0.5895270705223083,0.7028845548629761,0.859799861907959,0.8627907037734985,1.165563464164734,0.7437203526496887,0.5895270705223083,0.7028845548629761,1.657498121261597,1.590546727180481,0.0161953475326299,0.0170711632817983,-1.937098503112793,-2.127255439758301,0.0334646105766296,0.1134836971759796,-1.211333990097046,-0.2329867780208587,0.3608129918575287,0.1665605902671814,1.1665372848510742,0.1507131904363632
65226,679,42,96,santa-rosa-wildfire_00000004__170606c9-06ee-4cc1-b73f-07389cc0fe18,santa-rosa-wildfire_00000004,santa-rosa-wildfire,3,3,3,0.02097395434975624,0.0086132250726223,-1.4615439176559448,-0.7214738726615906,0.009700566530227661,0.00018043231102637947,-2.2326412200927734,-4.587172031402588,0.06931480020284653,0.005728748627007008,-0.2661668658256531,-1.1292752027511597,0.9000107049942017,0.9854775667190552,2.297581195831299,4.0183539390563965,3,3,0.9000107049942017,0.9854775667190552,0.4058437943458557,0.0864963084459304,2.848362445831299,2.96807074546814,0.0209739543497562,0.0086132250726223,-1.4615439176559448,-0.7214738726615906,0.0097005665302276,0.0001804323110263,-2.232641220092773,-4.587172031402588,0.0693148002028465,0.005728748627007,-0.2661668658256531,-1.1292752027511597,0.9000107049942017,0.9854775667190552,2.297581195831299,4.0183539390563965
65238,679,54,96,santa-rosa-wildfire_00000005__6e7ad1c1-6127-46bf-a118-22575b68216c,santa-rosa-wildfire_00000005,santa-rosa-wildfire,2,0,2,0.5371105074882507,0.15507002174854279,1.0600887537002563,0.1001676470041275,0.08527287095785141,0.021441517397761345,-0.7802587747573853,-1.8783801794052124,0.3316528797149658,0.6332572102546692,0.5779737234115601,1.5071675777435303,0.045963797718286514,0.19023123383522034,-1.3982610702514648,0.3045312762260437,0,2,0.5371105074882507,0.6332572102546692,1.05137300491333,0.9764323234558104,0.8864700198173523,1.8586496114730835,0.5371105074882507,0.1550700217485427,1.0600887537002563,0.1001676470041275,0.0852728709578514,0.0214415173977613,-0.7802587747573853,-1.8783801794052124,0.3316528797149658,0.6332572102546692,0.5779737234115601,1.5071675777435305,0.0459637977182865,0.1902312338352203,-1.3982610702514648,0.3045312762260437
65261,679,77,96,santa-rosa-wildfire_00000006__4ee1e45d-50ac-43a0-a045-475464907bcb,santa-rosa-wildfire_00000006,santa-rosa-wildfire,1,3,0,0.3436771631240845,0.8968532085418701,0.7058529853820801,2.4659066200256348,0.0638698861002922,0.009741386398673058,-0.9770017266273499,-2.0566017627716064,0.04451819509267807,0.009153892286121845,-1.3379517793655396,-2.1188061237335205,0.5479347109794617,0.0842515379190445,1.1723065376281738,0.10082131624221802,3,0,0.5479347109794617,0.8968532085418701,1.0109367370605469,0.3941486477851867,1.7967103719711304,0.2808037996292114,0.3436771631240845,0.8968532085418701,0.7058529853820801,2.4659066200256348,0.0638698861002922,0.009741386398673,-0.97700172662735,-2.0566017627716064,0.044518195092678,0.0091538922861218,-1.3379517793655396,-2.1188061237335205,0.5479347109794617,0.0842515379190445,1.1723065376281738,0.100821316242218
69177,720,57,96,santa-rosa-wildfire_00000068__03015936-13fe-4e44-8c98-c1dbea8443eb,santa-rosa-wildfire_00000068,santa-rosa-wildfire,3,3,3,0.003097688779234886,0.0019814700353890657,-1.744079351425171,-1.2017512321472168,0.00039778236532583833,0.00011822467058664188,-3.79658579826355,-4.020758152008057,0.005889561027288437,0.00034327097819186747,-1.1015537977218628,-2.9548256397247314,0.9906150102615356,0.9975570440292358,4.023590564727783,5.019719123840332,3,3,0.9906150102615356,0.9975570440292358,0.0605913326144218,0.01857983879745,2.9840221405029297,2.9934756755828857,0.0030976887792348,0.001981470035389,-1.744079351425171,-1.2017512321472168,0.0003977823653258,0.0001182246705866,-3.79658579826355,-4.020758152008057,0.0058895610272884,0.0003432709781918,-1.1015537977218628,-2.9548256397247314,0.9906150102615356,0.9975570440292358,4.023590564727783,5.019719123840332
69863,727,71,96,santa-rosa-wildfire_00000077__ad376f47-f13c-4dae-b915-ca0563f9a22f,santa-rosa-wildfire_00000077,santa-rosa-wildfire,0,0,0,0.9613041281700134,0.9802736043930054,3.4602532386779785,3.7716434001922607,0.019813809543848038,0.005550590809434652,-0.42165863513946533,-1.402284026145935,0.0036978728603571653,0.009741999208927155,-2.1002798080444336,-0.8397420644760132,0.015184111893177032,0.004433854483067989,-0.6877880692481995,-1.626919150352478,0,0,0.9613041281700134,0.9802736043930054,0.1999263763427734,0.1175024658441543,0.0727618932723999,0.0383361540734767,0.9613041281700134,0.9802736043930054,3.4602532386779785,3.7716434001922607,0.019813809543848,0.0055505908094346,-0.4216586351394653,-1.402284026145935,0.0036978728603571,0.0097419992089271,-2.1002798080444336,-0.8397420644760132,0.015184111893177,0.0044338544830679,-0.6877880692481995,-1.626919150352478
69936,728,48,96,santa-rosa-wildfire_00000079__0728a876-0434-4aa5-a566-a8c9cca81f45,santa-rosa-wildfire_00000079,santa-rosa-wildfire,3,3,3,0.001399163156747818,0.0027524421457201242,-1.8765318393707275,-0.35653194785118103,0.00034981276257894933,2.747057976648648e-07,-3.262763500213623,-9.568830490112305,0.0017959254328161478,0.0004495814209803939,-1.626886010169983,-2.1684587001800537,0.9964550733566284,0.9967977404594421,4.691797733306885,5.535527229309082,3,3,0.9964550733566284,0.996797740459442,0.0268718805164098,0.0228926688432693,2.993306875228882,2.991292715072632,0.0013991631567478,0.0027524421457201,-1.8765318393707275,-0.356531947851181,0.0003498127625789,2.747057976648648e-07,-3.262763500213623,-9.568830490112305,0.0017959254328161,0.0004495814209803,-1.626886010169983,-2.1684587001800537,0.9964550733566284,0.996797740459442,4.691797733306885,5.535527229309082
70093,730,13,96,santa-rosa-wildfire_00000079__e3111dd8-4cbb-4fc0-a5db-d0a3a2c067e8,santa-rosa-wildfire_00000079,santa-rosa-wildfire,3,3,3,0.005892888642847538,0.019906576722860336,-1.3361153602600098,0.19083845615386963,0.0011097914539277554,7.732213816780131e-06,-3.005689859390259,-7.662572383880615,0.004792365711182356,0.0012367927702143788,-1.5428380966186523,-2.5876901149749756,0.9882049560546875,0.978848934173584,3.7860281467437744,4.086165428161621,3,3,0.9882049560546876,0.978848934173584,0.0751246437430381,0.1072656065225601,2.975309371948242,2.939028024673462,0.0058928886428475,0.0199065767228603,-1.3361153602600098,0.1908384561538696,0.0011097914539277,7.732213816780131e-06,-3.005689859390259,-7.662572383880615,0.0047923657111823,0.0012367927702143,-1.5428380966186523,-2.587690114974976,0.9882049560546876,0.978848934173584,3.7860281467437744,4.086165428161621
71016,739,72,96,santa-rosa-wildfire_00000095__43ece773-4ecd-4ee6-9118-3995dba898c1,santa-rosa-wildfire_00000095,santa-rosa-wildfire,0,2,0,0.4563717842102051,0.8141942024230957,1.1641095876693726,2.1401968002319336,0.07473545521497726,0.09133254736661911,-0.6452436447143555,-0.04749491065740585,0.45919036865234375,0.08447606861591339,1.1702666282653809,-0.12553371489048004,0.009702371433377266,0.009997153654694557,-2.6868278980255127,-2.2597014904022217,2,0,0.4591903686523437,0.8141942024230957,0.9542062282562256,0.6407502889633179,1.0222233533859253,0.2902761399745941,0.4563717842102051,0.8141942024230957,1.1641095876693726,2.1401968002319336,0.0747354552149772,0.0913325473666191,-0.6452436447143555,-0.0474949106574058,0.4591903686523437,0.0844760686159133,1.1702666282653809,-0.12553371489048,0.0097023714333772,0.0099971536546945,-2.6868278980255127,-2.2597014904022217
73647,767,15,96,santa-rosa-wildfire_00000138__d7e97d30-5bec-4a33-98ce-5ad93abefe92,santa-rosa-wildfire_00000138,santa-rosa-wildfire,0,0,3,0.773911714553833,0.3789721727371216,2.0097854137420654,0.9226735234260559,0.04057181999087334,0.015530796721577644,-0.9385986328125,-2.2719643115997314,0.01027742214500904,0.09506691247224808,-2.311722755432129,-0.46020829677581787,0.17523905634880066,0.510430097579956,0.5244786739349365,1.2204644680023193,0,3,0.773911714553833,0.510430097579956,0.6806164979934692,0.9993726015090942,0.5868437886238098,1.736954927444458,0.773911714553833,0.3789721727371216,2.009785413742065,0.922673523426056,0.0405718199908733,0.0155307967215776,-0.9385986328125,-2.2719643115997314,0.010277422145009,0.095066912472248,-2.311722755432129,-0.4602082967758178,0.1752390563488006,0.510430097579956,0.5244786739349365,1.2204644680023191
74535,776,39,96,santa-rosa-wildfire_00000149__36cc90b3-77cd-46c9-8e91-6a9bfb405b86,santa-rosa-wildfire_00000149,santa-rosa-wildfire,0,0,0,0.9965459704399109,0.9999387264251709,5.259909152984619,7.983636856079102,0.0020775108132511377,4.289047865313478e-06,-0.913215696811676,-4.375748157501221,0.000470315630082041,5.3371830290416256e-05,-2.3987371921539307,-1.8545297384262085,0.0009062406606972218,3.5986342936666915e-06,-1.7428362369537354,-4.551257610321045,0,0,0.9965459704399108,0.9999387264251708,0.0262328963726758,0.0006844748859293,0.0057368641719222,0.000121828612464,0.9965459704399108,0.9999387264251708,5.259909152984619,7.983636856079102,0.0020775108132511,4.289047865313478e-06,-0.913215696811676,-4.375748157501221,0.000470315630082,5.3371830290416256e-05,-2.3987371921539307,-1.8545297384262085,0.0009062406606972,3.5986342936666915e-06,-1.7428362369537354,-4.551257610321045
78215,814,71,96,santa-rosa-wildfire_00000180__4f3301d6-da05-44aa-921e-f56f4ae9b255,santa-rosa-wildfire_00000180,santa-rosa-wildfire,0,0,0,0.9948246479034424,0.4807257652282715,4.735032558441162,0.9671447277069092,0.0037370549980551004,0.23455122113227844,-0.8492358922958374,0.24952170252799988,0.0003003545571118593,0.1365920454263687,-3.3703255653381348,-0.29115352034568787,0.0011379573261365294,0.14813098311424255,-2.0382988452911377,-0.21005527675151825,0,0,0.9948246479034424,0.4807257652282715,0.0361997559666633,1.2470309734344482,0.0077516362071037,0.952128291130066,0.9948246479034424,0.4807257652282715,4.735032558441162,0.9671447277069092,0.0037370549980551,0.2345512211322784,-0.8492358922958374,0.2495217025279998,0.0003003545571118,0.1365920454263687,-3.3703255653381348,-0.2911535203456878,0.0011379573261365,0.1481309831142425,-2.0382988452911377,-0.2100552767515182
78723,820,3,96,santa-rosa-wildfire_00000193__8e632057-53be-44d9-9f0c-f80cd9dfb195,santa-rosa-wildfire_00000193,santa-rosa-wildfire,0,0,0,0.9762672781944275,0.7359585165977478,3.670703649520874,1.993119239807129,0.020294224843382835,0.18360935151576996,-0.20269639790058136,0.6047558784484863,0.0010828033555299044,0.057943280786275864,-3.133479595184326,-0.5485899448394775,0.0023557115346193314,0.022488875314593315,-2.3561899662017822,-1.4950337409973145,0,0,0.9762672781944276,0.7359585165977478,0.1241917461156845,0.7872176170349121,0.0295269656926393,0.3669625520706177,0.9762672781944276,0.7359585165977478,3.670703649520874,1.993119239807129,0.0202942248433828,0.1836093515157699,-0.2026963979005813,0.6047558784484863,0.0010828033555299,0.0579432807862758,-3.133479595184326,-0.5485899448394775,0.0023557115346193,0.0224888753145933,-2.3561899662017822,-1.4950337409973145
81135,845,15,96,santa-rosa-wildfire_00000225__76092c4a-903a-4806-b056-9bf5a181f929,santa-rosa-wildfire_00000225,santa-rosa-wildfire,0,0,0,0.9564323425292969,0.9960615038871765,3.3609964847564697,4.621102809906006,0.023970816284418106,0.0008126666652970016,-0.3253764808177948,-2.490140199661255,0.01769893616437912,0.00248734001070261,-0.6287090182304382,-1.3714923858642578,0.0018978138687089086,0.0006384360021911561,-2.861510992050171,-2.731440305709839,0,0,0.9564323425292968,0.9960615038871764,0.2153332978487014,0.0293250940740108,0.0650621280074119,0.0077026546932756,0.9564323425292968,0.9960615038871764,3.3609964847564697,4.621102809906006,0.0239708162844181,0.000812666665297,-0.3253764808177948,-2.490140199661255,0.0176989361643791,0.0024873400107026,-0.6287090182304382,-1.3714923858642578,0.0018978138687089,0.0006384360021911,-2.861510992050171,-2.731440305709839
81600,850,0,96,santa-rosa-wildfire_00000238__555db601-0cf5-45af-9073-3aa96429d06e,santa-rosa-wildfire_00000238,santa-rosa-wildfire,0,0,0,0.46576669812202454,0.9903755784034729,1.3325077295303345,4.353152275085449,0.37317028641700745,0.004878286737948656,1.1108577251434326,-0.960137665271759,0.1555892378091812,0.004541353788226843,0.23604221642017365,-1.0317070484161377,0.005473771132528782,0.00020470042363740504,-3.1112091541290283,-4.131139755249023,0,0,0.4657666981220245,0.9903755784034728,1.0417057275772097,0.0617820769548416,0.7007700800895691,0.014575095847249,0.4657666981220245,0.9903755784034728,1.3325077295303345,4.353152275085449,0.3731702864170074,0.0048782867379486,1.1108577251434326,-0.960137665271759,0.1555892378091812,0.0045413537882268,0.2360422164201736,-1.0317070484161377,0.0054737711325287,0.0002047004236374,-3.1112091541290283,-4.131139755249023
86388,899,84,96,santa-rosa-wildfire_00000372__594d506d-f833-4af5-bf14-f145acdbc44b,santa-rosa-wildfire_00000372,santa-rosa-wildfire,0,0,0,0.9712991714477539,0.922883152961731,3.6402714252471924,2.7182679176330566,0.010963466949760914,0.006609690375626087,-0.8437945246696472,-2.220698118209839,0.009005805477499962,0.01178701501339674,-1.0404937267303467,-1.6422359943389893,0.008731565438210964,0.058720145374536514,-1.0714187622070312,-0.036451712250709534,0,0,0.971299171447754,0.922883152961731,0.1615761518478393,0.3260525465011596,0.0551697723567485,0.2063441574573516,0.971299171447754,0.922883152961731,3.640271425247192,2.7182679176330566,0.0109634669497609,0.006609690375626,-0.8437945246696472,-2.220698118209839,0.0090058054774999,0.0117870150133967,-1.040493726730347,-1.6422359943389893,0.0087315654382109,0.0587201453745365,-1.0714187622070312,-0.0364517122507095
86894,905,14,96,sunda-tsunami_00000001__000e0d75-47e1-4cec-8375-191747fe0672,sunda-tsunami_00000001,sunda-tsunami,0,0,0,0.8378244042396545,0.9897212386131287,2.3794312477111816,4.813186168670654,0.13738465309143066,0.00011346796964062378,0.5714074373245239,-4.260471343994141,0.01758510060608387,0.009656148962676525,-1.4843254089355469,0.18335753679275513,0.007205834146589041,0.0005090832128189504,-2.376486301422119,-2.75938081741333,0,0,0.8378244042396545,0.9897212386131288,0.5275563597679138,0.0599229037761688,0.1941723525524139,0.0209530163556337,0.8378244042396545,0.9897212386131288,2.3794312477111816,4.813186168670654,0.1373846530914306,0.0001134679696406,0.5714074373245239,-4.260471343994141,0.0175851006060838,0.0096561489626765,-1.4843254089355469,0.1833575367927551,0.007205834146589,0.0005090832128189,-2.376486301422119,-2.75938081741333
87486,911,30,96,sunda-tsunami_00000001__e8c01d6e-4edd-4c91-8400-873f12c685a7,sunda-tsunami_00000001,sunda-tsunami,0,0,0,0.9979985356330872,0.9985629916191101,6.515274524688721,6.072998523712158,0.0018208898836746812,1.2306329153943807e-05,0.20884793996810913,-5.230960845947266,0.00017892861797008663,0.00021163337805774063,-2.111246109008789,-2.386218547821045,1.6330678818121669e-06,0.0012130571994930506,-6.807772159576416,-0.6401747465133667,0,0,0.9979985356330872,0.99856299161911,0.0150520671159029,0.0115108676254749,0.0021836464293301,0.0040747448801994,0.9979985356330872,0.99856299161911,6.515274524688721,6.072998523712158,0.0018208898836746,1.2306329153943809e-05,0.2088479399681091,-5.230960845947266,0.00017892861797,0.0002116333780577,-2.111246109008789,-2.386218547821045,1.6330678818121669e-06,0.001213057199493,-6.807772159576416,-0.6401747465133667
87876,915,36,96,sunda-tsunami_00000005__0ac3cea1-a6c6-4b41-9bf7-dd987c41b303,sunda-tsunami_00000005,sunda-tsunami,3,0,3,0.8422959446907043,0.4463284909725189,2.238586187362671,0.9188822507858276,0.05783364549279213,0.0011765764793381095,-0.43997466564178467,-5.019564151763916,0.09579311311244965,0.08695388585329056,0.06464552879333496,-0.7167949676513672,0.004077342338860035,0.4655410349369049,-3.092099905014038,0.9610272645950317,0,3,0.8422959446907043,0.4655410349369049,0.5565184354782104,0.9362952709197998,0.2616519033908844,1.5717074871063232,0.8422959446907043,0.4463284909725189,2.238586187362671,0.9188822507858276,0.0578336454927921,0.0011765764793381,-0.4399746656417846,-5.019564151763916,0.0957931131124496,0.0869538858532905,0.0646455287933349,-0.7167949676513672,0.00407734233886,0.4655410349369049,-3.092099905014038,0.9610272645950316
87893,915,53,96,sunda-tsunami_00000005__581081dc-f075-45b0-9320-825b7aa229ea,sunda-tsunami_00000005,sunda-tsunami,2,0,0,0.5347565412521362,0.8551264405250549,1.99752676486969,1.7275288105010986,0.027834046632051468,0.05131291598081589,-0.9580247402191162,-1.085777997970581,0.4354229271411896,0.06099250167608261,1.7920329570770264,-0.9129696488380432,0.0019864910282194614,0.032568201422691345,-3.5979151725769043,-1.5403839349746704,0,0,0.5347565412521362,0.8551264405250549,0.8088006377220154,0.5683455467224121,0.9046393632888794,0.2710025310516357,0.5347565412521362,0.8551264405250549,1.99752676486969,1.7275288105010986,0.0278340466320514,0.0513129159808158,-0.9580247402191162,-1.085777997970581,0.4354229271411896,0.0609925016760826,1.7920329570770264,-0.9129696488380432,0.0019864910282194,0.0325682014226913,-3.5979151725769043,-1.5403839349746704
90172,939,28,96,sunda-tsunami_00000016__976f717b-bf70-45cc-b885-be25d87c49ae,sunda-tsunami_00000016,sunda-tsunami,0,0,0,0.9896124005317688,0.9999353885650635,5.8621087074279785,8.003358840942383,0.009843755513429642,5.439610959001584e-06,1.251632809638977,-4.118380069732666,0.0005403962568379939,5.7076398661592975e-05,-1.6506569385528564,-1.7676966190338135,3.349025291754515e-06,2.1119708435435314e-06,-6.734291076660156,-5.064465522766113,0,0,0.9896124005317688,0.9999353885650636,0.0599283799529075,0.0007158466032706,0.0109345950186252,0.0001259283162653,0.9896124005317688,0.9999353885650636,5.8621087074279785,8.003358840942383,0.0098437555134296,5.439610959001584e-06,1.251632809638977,-4.118380069732666,0.0005403962568379,5.7076398661592975e-05,-1.6506569385528564,-1.7676966190338137,3.349025291754515e-06,2.111970843543532e-06,-6.734291076660156,-5.064465522766113
96229,1002,37,96,sunda-tsunami_00000059__01b89536-93bd-483d-84c0-d70cb4517fa4,sunda-tsunami_00000059,sunda-tsunami,0,0,0,0.5105945467948914,0.9802073836326599,1.306513786315918,3.400487184524536,0.04801090434193611,0.0013997536152601242,-1.0576339960098267,-3.1509804725646973,0.43657365441322327,0.0051237670704722404,1.1498950719833374,-1.8533869981765747,0.0048208534717559814,0.013269157148897648,-3.3561110496520996,-0.9018347263336182,0,0,0.5105945467948914,0.98020738363266,0.8765377998352051,0.113169364631176,0.9356207847595216,0.0514547601342201,0.5105945467948914,0.98020738363266,1.306513786315918,3.400487184524536,0.0480109043419361,0.0013997536152601,-1.0576339960098269,-3.1509804725646973,0.4365736544132232,0.0051237670704722,1.1498950719833374,-1.8533869981765747,0.0048208534717559,0.0132691571488976,-3.3561110496521,-0.9018347263336182
96526,1005,46,96,sunda-tsunami_00000059__6698776d-0b66-4715-825c-9c03b5e93758,sunda-tsunami_00000059,sunda-tsunami,0,0,0,0.9595758318901062,0.9567910432815552,4.228945255279541,3.2694287300109863,0.03703274577856064,0.03293281048536301,0.9742566347122192,-0.09968679398298264,0.0032305463682860136,0.005968226585537195,-1.4648947715759277,-1.8077061176300049,0.0001608886814210564,0.0043078819289803505,-4.464588642120361,-2.1337099075317383,0,0,0.9595758318901062,0.9567910432815552,0.1815869063138961,0.2087022811174392,0.043976504355669,0.0577929094433784,0.9595758318901062,0.9567910432815552,4.228945255279541,3.2694287300109863,0.0370327457785606,0.032932810485363,0.9742566347122192,-0.0996867939829826,0.003230546368286,0.0059682265855371,-1.4648947715759275,-1.8077061176300049,0.000160888681421,0.0043078819289803,-4.464588642120361,-2.1337099075317383
100361,1045,41,96,sunda-tsunami_00000107__706d6d1d-bda3-42bb-9c64-b7d12cf53a64,sunda-tsunami_00000107,sunda-tsunami,0,0,0,0.9975649118423462,0.9691618084907532,5.111206531524658,3.3986008167266846,0.0002186210622312501,0.001079182606190443,-3.314525842666626,-3.4016268253326416,0.002159559167921543,0.006054772064089775,-1.0242063999176025,-1.6769839525222778,5.6879543990362436e-05,0.023704230785369873,-4.6609296798706055,-0.31217724084854126,0,0,0.9975649118423462,0.9691618084907532,0.0180857237428426,0.1573550403118133,0.0047083781100809,0.0843014195561409,0.9975649118423462,0.9691618084907532,5.111206531524658,3.398600816726685,0.0002186210622312,0.0010791826061904,-3.314525842666626,-3.4016268253326416,0.0021595591679215,0.0060547720640897,-1.0242063999176023,-1.6769839525222778,5.687954399036244e-05,0.0237042307853698,-4.6609296798706055,-0.3121772408485412
101141,1053,53,96,sunda-tsunami_00000140__526ff4cd-2790-43ab-b1ff-e96293d9eab2,sunda-tsunami_00000140,sunda-tsunami,0,0,3,0.7173987627029419,0.13279934227466583,1.3566087484359741,0.42703869938850403,0.04386083036661148,0.006123800296336412,-1.4380013942718506,-2.6496174335479736,0.1608436405658722,0.05934532359242439,-0.13859036564826965,-0.3784272372722626,0.077896848320961,0.8017314672470093,-0.8636376857757568,2.224973201751709,0,3,0.7173987627029419,0.8017314672470093,0.8681408166885376,0.6440967321395874,0.5992386341094971,2.5300087928771973,0.7173987627029419,0.1327993422746658,1.356608748435974,0.427038699388504,0.0438608303666114,0.0061238002963364,-1.4380013942718506,-2.6496174335479736,0.1608436405658722,0.0593453235924243,-0.1385903656482696,-0.3784272372722626,0.077896848320961,0.8017314672470093,-0.8636376857757568,2.224973201751709
101251,1054,67,96,tuscaloosa-tornado_00000000__15f4db15-8a23-4147-8e2a-4ad95baaf693,tuscaloosa-tornado_00000000,tuscaloosa-tornado,0,0,0,0.9998490810394287,0.9999719858169556,7.267969131469727,8.013033866882324,5.822409366373904e-05,1.0254418157273903e-05,-2.483090877532959,-3.4747397899627686,7.512170122936368e-05,1.3754734027315862e-05,-2.228281021118164,-3.181065320968628,1.757686368364375e-05,4.005307346233167e-06,-3.68080735206604,-4.414828777313232,0,0,0.9998490810394288,0.9999719858169556,0.0016244965372607,0.0003495642449706,0.0002611980889923,4.977981006959453e-05,0.9998490810394288,0.9999719858169556,7.267969131469727,8.013033866882324,5.822409366373904e-05,1.0254418157273903e-05,-2.483090877532959,-3.474739789962769,7.512170122936368e-05,1.3754734027315862e-05,-2.228281021118164,-3.181065320968628,1.757686368364375e-05,4.005307346233167e-06,-3.68080735206604,-4.414828777313232
101260,1054,76,96,tuscaloosa-tornado_00000001__0740d58d-99b6-4ce6-a9d0-e1ba25393012,tuscaloosa-tornado_00000001,tuscaloosa-tornado,2,3,3,0.09939080476760864,0.05923282727599144,-0.48827773332595825,-1.1961772441864014,0.07622623443603516,0.1093553975224495,-0.7536315321922302,-0.5830500721931458,0.11806397140026093,0.29591530561447144,-0.316110759973526,0.4124201834201813,0.7063189744949341,0.5354964137077332,1.4727296829223633,1.0055410861968994,3,3,0.7063189744949341,0.5354964137077332,0.9234992265701294,1.1042096614837646,2.4313111305236816,2.3076751232147217,0.0993908047676086,0.0592328272759914,-0.4882777333259582,-1.1961772441864014,0.0762262344360351,0.1093553975224495,-0.7536315321922302,-0.5830500721931458,0.1180639714002609,0.2959153056144714,-0.316110759973526,0.4124201834201813,0.7063189744949341,0.5354964137077332,1.4727296829223633,1.0055410861968994
101262,1054,78,96,tuscaloosa-tornado_00000001__463ef7bf-f54c-4cbf-8770-8d96e89ef6fb,tuscaloosa-tornado_00000001,tuscaloosa-tornado,1,1,1,0.43945133686065674,0.2794213891029358,1.946916937828064,1.038149118423462,0.5193661451339722,0.46501725912094116,2.113999128341675,1.5475027561187744,0.039685916155576706,0.2532491981983185,-0.45761367678642273,0.9398022890090942,0.0014966463204473257,0.0023121493868529797,-3.7353832721710205,-3.7563939094543457,1,1,0.5193661451339722,0.4650172591209411,0.8393819332122803,1.0741682052612305,0.6032279133796692,0.9784520864486694,0.4394513368606567,0.2794213891029358,1.946916937828064,1.038149118423462,0.5193661451339722,0.4650172591209411,2.113999128341675,1.5475027561187744,0.0396859161555767,0.2532491981983185,-0.4576136767864227,0.9398022890090942,0.0014966463204473,0.0023121493868529,-3.735383272171021,-3.7563939094543457
101263,1054,79,96,tuscaloosa-tornado_00000001__69aeff66-d125-4c6d-a77f-b0850ac8565b,tuscaloosa-tornado_00000001,tuscaloosa-tornado,3,3,3,0.27925941348075867,0.0495477132499218,0.5887655019760132,-1.406770944595337,0.08992455154657364,0.15730153024196625,-0.5444045662879944,-0.25154268741607666,0.019609419628977776,0.17808644473552704,-2.0673656463623047,-0.12743821740150452,0.6112066507339478,0.6150643229484558,1.3720594644546509,1.112019658088684,3,3,0.6112066507339478,0.6150643229484558,0.9508447647094728,1.0460498332977295,1.96276330947876,2.3586673736572266,0.2792594134807586,0.0495477132499218,0.5887655019760132,-1.406770944595337,0.0899245515465736,0.1573015302419662,-0.5444045662879944,-0.2515426874160766,0.0196094196289777,0.178086444735527,-2.0673656463623047,-0.1274382174015045,0.6112066507339478,0.6150643229484558,1.3720594644546509,1.112019658088684
102604,1068,76,96,tuscaloosa-tornado_00000024__ca840104-2f75-44b2-af6f-a107c7823f62,tuscaloosa-tornado_00000024,tuscaloosa-tornado,3,3,3,0.00012630321725737303,4.4876149331685156e-05,-3.6162688732147217,-2.94425368309021,0.0001739287981763482,3.146368044326664e-06,-3.2963082790374756,-5.6019110679626465,0.0014475611969828606,0.00010636572551447898,-1.1773191690444946,-2.0812766551971436,0.9982520937919617,0.9998456239700317,5.358806610107422,7.067195892333984,3,3,0.9982520937919616,0.9998456239700316,0.0138498321175575,0.0016166089335456,2.997825384140014,2.999752759933472,0.0001263032172573,4.487614933168516e-05,-3.6162688732147217,-2.94425368309021,0.0001739287981763,3.146368044326664e-06,-3.296308279037476,-5.601911067962647,0.0014475611969828,0.0001063657255144,-1.1773191690444946,-2.081276655197144,0.9982520937919616,0.9998456239700316,5.358806610107422,7.067195892333984
104247,1085,87,96,tuscaloosa-tornado_00000057__77fe692e-6839-409b-91ac-44bef850495f,tuscaloosa-tornado_00000057,tuscaloosa-tornado,1,1,1,0.02424052730202675,0.10867095738649368,1.9697136878967285,2.4530558586120605,0.9751220345497131,0.8893190026283264,5.664250373840332,4.555187225341797,0.0006187987164594233,0.0016773768002167344,-1.6982874870300293,-1.7180376052856445,1.8688357158680446e-05,0.00033268186962231994,-5.198167324066162,-3.3358376026153564,1,1,0.9751220345497132,0.8893190026283264,0.1195091009140014,0.3588877022266388,0.9764156937599182,0.8936718106269836,0.0242405273020267,0.1086709573864936,1.9697136878967283,2.4530558586120605,0.9751220345497132,0.8893190026283264,5.664250373840332,4.555187225341797,0.0006187987164594,0.0016773768002167,-1.6982874870300293,-1.7180376052856443,1.8688357158680446e-05,0.0003326818696223,-5.198167324066162,-3.3358376026153564
105273,1096,57,96,tuscaloosa-tornado_00000077__4b87e8de-8bbc-42c7-9e7c-0c46f17b18a4,tuscaloosa-tornado_00000077,tuscaloosa-tornado,0,1,0,0.3411681354045868,0.8816730976104736,1.646772861480713,4.767204761505127,0.5886736512184143,0.11754821985960007,2.1922695636749268,2.752232074737549,0.0694858580827713,0.0007353510009124875,0.05552072450518608,-2.322023630142212,0.0006723745027557015,4.343719410826452e-05,-4.5825419425964355,-5.151055335998535,1,0,0.5886736512184143,0.8816730976104736,0.8690183758735657,0.3684342801570892,0.7296624779701233,0.1191492304205894,0.3411681354045868,0.8816730976104736,1.646772861480713,4.767204761505127,0.5886736512184143,0.1175482198596,2.1922695636749268,2.752232074737549,0.0694858580827713,0.0007353510009124,0.055520724505186,-2.322023630142212,0.0006723745027557,4.343719410826452e-05,-4.582541942596436,-5.151055335998535
107980,1124,76,96,tuscaloosa-tornado_00000149__a68c306d-ca55-48e1-93bf-17d38c5b3d12,tuscaloosa-tornado_00000149,tuscaloosa-tornado,0,0,0,0.9048534035682678,0.9934450387954712,2.44619083404541,4.925356864929199,0.05709359422326088,0.0056719183921813965,-0.3168902099132538,-0.2402946650981903,0.022776000201702118,0.0007000996265560389,-1.2358747720718384,-2.332354784011841,0.015276996418833733,0.00018293660832569003,-1.6352338790893555,-3.6744375228881836,0,0,0.9048534035682678,0.9934450387954712,0.4039511978626251,0.0425300300121307,0.1484765857458114,0.0076209274120628,0.9048534035682678,0.9934450387954712,2.44619083404541,4.925356864929199,0.0570935942232608,0.0056719183921813,-0.3168902099132538,-0.2402946650981903,0.0227760002017021,0.000700099626556,-1.2358747720718384,-2.332354784011841,0.0152769964188337,0.0001829366083256,-1.6352338790893557,-3.674437522888184
108045,1125,45,96,tuscaloosa-tornado_00000151__2ec1968d-b1ca-499c-baba-f7270da3a92f,tuscaloosa-tornado_00000151,tuscaloosa-tornado,0,0,0,0.9618264436721802,0.3563844859600067,2.723210096359253,0.6549674868583679,0.01893402263522148,0.32330164313316345,-1.2046633958816528,0.5575430989265442,0.011534545570611954,0.31093186140060425,-1.70027756690979,0.5185311436653137,0.0077050235122442245,0.009382043965160847,-2.1037514209747314,-2.9822449684143066,0,0,0.9618264436721802,0.3563844859600067,0.2015064656734466,1.139789581298828,0.0651181861758232,0.973311483860016,0.9618264436721802,0.3563844859600067,2.723210096359253,0.6549674868583679,0.0189340226352214,0.3233016431331634,-1.2046633958816528,0.5575430989265442,0.0115345455706119,0.3109318614006042,-1.70027756690979,0.5185311436653137,0.0077050235122442,0.0093820439651608,-2.1037514209747314,-2.982244968414306
109480,1140,40,96,tuscaloosa-tornado_00000179__1586b8ef-b065-4358-a1f9-48ba58cf6072,tuscaloosa-tornado_00000179,tuscaloosa-tornado,0,0,0,0.9960417747497559,0.9896950721740723,7.237135410308838,6.52509069442749,0.003949741832911968,0.010200251825153828,1.706996202468872,1.950106143951416,8.059543688432314e-06,0.00010232120257569477,-4.487551689147949,-2.651944398880005,4.500300576637528e-07,2.396351419520215e-06,-7.372849464416504,-6.406114101409912,0,0,0.996041774749756,0.9896950721740724,0.025909774005413,0.0579943805932998,0.0039672111161053,0.0104120830073952,0.996041774749756,0.9896950721740724,7.237135410308838,6.52509069442749,0.0039497418329119,0.0102002518251538,1.706996202468872,1.950106143951416,8.059543688432314e-06,0.0001023212025756,-4.487551689147949,-2.651944398880005,4.500300576637528e-07,2.396351419520215e-06,-7.372849464416504,-6.406114101409912
109491,1140,51,96,tuscaloosa-tornado_00000179__356fbeef-2cf2-48db-a09c-22e421e1727f,tuscaloosa-tornado_00000179,tuscaloosa-tornado,0,0,0,0.9928590059280396,0.9467835426330566,4.761373996734619,3.6018693447113037,0.006715495605021715,0.04789942130446434,-0.23479704558849335,0.6179022192955017,0.00028955921879969537,0.0029210203792899847,-3.3786098957061768,-2.1792681217193604,0.00013598133227787912,0.002395991701632738,-4.1344523429870605,-2.377403974533081,0,0,0.9928590059280396,0.9467835426330566,0.0442850515246391,0.2288281917572021,0.0077025578357279,0.0609294362366199,0.9928590059280396,0.9467835426330566,4.761373996734619,3.601869344711304,0.0067154956050217,0.0478994213044643,-0.2347970455884933,0.6179022192955017,0.0002895592187996,0.0029210203792899,-3.3786098957061768,-2.1792681217193604,0.0001359813322778,0.0023959917016327,-4.1344523429870605,-2.377403974533081
109497,1140,57,96,tuscaloosa-tornado_00000179__41be5076-27d0-44cd-a4e6-c44e65b1efb9,tuscaloosa-tornado_00000179,tuscaloosa-tornado,0,0,1,0.9430978298187256,0.489966481924057,4.897332668304443,3.0871193408966064,0.05608266964554787,0.4940086007118225,2.0749895572662354,3.0953352451324463,0.0008026038412936032,0.01582891121506691,-2.171731472015381,-0.345379501581192,1.692807381914463e-05,0.00019589951261878014,-6.030618667602539,-4.737371444702148,0,1,0.9430978298187256,0.4940086007118225,0.2227284461259842,0.7652250528335571,0.0577386617660522,0.5262541174888611,0.9430978298187256,0.489966481924057,4.897332668304443,3.0871193408966064,0.0560826696455478,0.4940086007118225,2.074989557266236,3.0953352451324463,0.0008026038412936,0.0158289112150669,-2.171731472015381,-0.345379501581192,1.692807381914463e-05,0.0001958995126187,-6.030618667602539,-4.737371444702148
111419,1160,59,96,tuscaloosa-tornado_00000243__740bf921-a35c-41d8-a856-c0f23f8af064,tuscaloosa-tornado_00000243,tuscaloosa-tornado,3,3,3,0.4726725220680237,0.04579048603773117,1.7925993204116821,-1.1536486148834229,0.01926499232649803,0.019472800195217133,-1.4075138568878174,-2.0087063312530518,0.005022722762078047,0.10673374682664871,-2.751831531524658,-0.30738765001296997,0.5030397772789001,0.8280029296875,1.8548657894134521,1.7412917613983154,3,3,0.5030397772789001,0.8280029296875,0.8025055527687073,0.6129854917526245,1.5384297370910645,2.716948986053467,0.4726725220680237,0.0457904860377311,1.792599320411682,-1.1536486148834229,0.019264992326498,0.0194728001952171,-1.4075138568878174,-2.008706331253052,0.005022722762078,0.1067337468266487,-2.751831531524658,-0.3073876500129699,0.5030397772789001,0.8280029296875,1.854865789413452,1.7412917613983154
113916,1186,60,96,tuscaloosa-tornado_00000318__3ff8c0b3-1e20-481e-b709-8fbff9709187,tuscaloosa-tornado_00000318,tuscaloosa-tornado,1,0,1,0.7579058408737183,0.2626086473464966,2.957698345184326,1.591029405593872,0.22371861338615417,0.7085888385772705,1.7375282049179077,2.5836400985717773,0.016261454671621323,0.012518751434981823,-0.8840632438659668,-1.4524078369140625,0.0021141204051673412,0.016283778473734856,-2.924221992492676,-1.1894659996032715,0,1,0.7579058408737183,0.7085888385772705,0.6250786185264587,0.7171146273612976,0.2625838816165924,0.7824776768684387,0.7579058408737183,0.2626086473464966,2.957698345184326,1.591029405593872,0.2237186133861541,0.7085888385772705,1.7375282049179075,2.5836400985717773,0.0162614546716213,0.0125187514349818,-0.8840632438659668,-1.4524078369140625,0.0021141204051673,0.0162837784737348,-2.924221992492676,-1.1894659996032717
115314,1201,18,53,tuscaloosa-tornado_00000342__a0d7e6ea-e048-4b4b-9186-fa85a384907b,tuscaloosa-tornado_00000342,tuscaloosa-tornado,0,0,1,0.7989085912704468,0.22527450323104858,3.6433446407318115,2.2488629817962646,0.19122688472270966,0.7462272047996521,2.2135586738586426,3.446573495864868,0.009731450118124485,0.02831246331334114,-0.7645388841629028,0.17484547197818756,0.00013305309403222054,0.00018579181050881743,-5.05690860748291,-4.851585388183594,0,1,0.7989085912704468,0.7462272047996521,0.5419749617576599,0.6567111611366272,0.211088940501213,0.8034095168113708,0.7989085912704468,0.2252745032310485,3.643344640731812,2.2488629817962646,0.1912268847227096,0.7462272047996521,2.2135586738586426,3.446573495864868,0.0097314501181244,0.0283124633133411,-0.7645388841629028,0.1748454719781875,0.0001330530940322,0.0001857918105088,-5.05690860748291,-4.851585388183594
