method,mean_gain,ci95_low,ci95_high,reps,condition
Siamese,-0.004362635063537817,-0.025750359708553373,0.017211267958648975,2000,clean_all
Equal 0.5 logit blend,0.01395715267822364,0.0009089613455854742,0.02888752409990382,2000,clean_all
Static alpha blend (a=0.45),0.012969755513251354,0.0007877987046215509,0.026157409359009454,2000,clean_all
Max-confidence selector,0.012893234857937613,0.0006211781449144334,0.026833087761234962,2000,clean_all
Min-entropy selector,0.0110683775646505,-0.002295145546237717,0.026504527056636983,2000,clean_all
Logistic soft gate,0.01209916852938755,0.0007679752536681767,0.025985687803518336,2000,clean_all
HGB hard router,0.011716656732008853,-0.0014086934211831575,0.027293294848297994,2000,clean_all
Neural safe router,0.01325257045054273,0.0013883484854943118,0.026885087569592164,2000,clean_all
Siamese,-0.04178073131931643,-0.06206995796851762,-0.022014524970433033,2000,wrong_matched
Equal 0.5 logit blend,-0.001776842545920031,-0.01638206888139465,0.013390157326551915,2000,wrong_matched
Static alpha blend (a=0.45),0.0009502882581884394,-0.012785023708919855,0.01499766304366774,2000,wrong_matched
Max-confidence selector,0.0012812881220174441,-0.010840981565956895,0.013564014272730128,2000,wrong_matched
Min-entropy selector,0.0037219799506883937,-0.008215233804609593,0.015900402190192727,2000,wrong_matched
Logistic soft gate,0.0021157650078067903,-0.01038675139491487,0.014799805692461782,2000,wrong_matched
HGB hard router,0.000529160842542103,-0.011693786582003032,0.013662908337003581,2000,wrong_matched
Neural safe router,0.005370625572232436,-0.0071272147104364,0.01841825996575703,2000,wrong_matched
