path,tracked,bytes,mib,sha256,extension,top_level,suggested_disposition,suggestion_reason,flag_ge_50_mib,flag_ge_100_mib
DamageACTU_G3_Parity_Execution_Bundle.bin,False,159185660,151.811275,289c5753051af703fa58baf37785d47269d058a1cf31217a2a299acfb15ea519,.bin,DamageACTU_G3_Parity_Execution_Bundle.bin,HISTORICAL_PROVENANCE_CANDIDATE,Execution/debug/distribution provenance.,True,True
audit/g3_clean_parity_carrier_96.csv,False,154118,0.146978,1a92b49a09df4d81c58790d1828db727573b6f66e32464a972b6f50ade4fcad0,.csv,audit,HISTORICAL_PROVENANCE_CANDIDATE,Execution/debug/distribution provenance.,False,False
audit/phase7dd_inference_extract.txt,False,10924,0.010418,5f1d856d6bbe5fdb80afceaee60ef7423d0283f575bee4c41b1c907e9787f58c,.txt,audit,HISTORICAL_PROVENANCE_CANDIDATE,Execution/debug/distribution provenance.,False,False
audit/phase7dd_source_resolver_extract.txt,False,8616,0.008217,6cbca422b52ae76c82fcdfd4fb392feb77d28fb91746a56096b090828fed6841,.txt,audit,HISTORICAL_PROVENANCE_CANDIDATE,Execution/debug/distribution provenance.,False,False
audit/restoration_report_v2.json,False,39560,0.037727,3db0e7dccd5443ba46fc97bdb4d1d0239c8925c8a7539b14ed3dd169431fc222,.json,audit,REVIEW_MANUALLY,Important restoration/verification artifact; decide canonical tooling vs provenance.,False,False
checkpoints/routers/final_hgb_hard_router.joblib,False,238182,0.227148,72d84b25dea3053028c7905797c14d305da8c6f0b48cf1fd6742391a03d65028,.joblib,checkpoints,RELEASE_LFS_OR_EXTERNAL_CANDIDATE,Canonical model/data artifact; preserve identity and decide LFS vs release asset.,False,False
checkpoints/routers/final_logistic_soft_gate.joblib,False,2753,0.002625,8d0115705294bb2877341dc752854e7912c4cc83261ee9ed492731a862aa3372,.joblib,checkpoints,RELEASE_LFS_OR_EXTERNAL_CANDIDATE,Canonical model/data artifact; preserve identity and decide LFS vs release asset.,False,False
checkpoints/routers/final_static_alpha.json,False,19,1.8e-05,2778cb68dd385953343cd1268e8b4f22060d21cb1e963325c0308114c7853b60,.json,checkpoints,RELEASE_LFS_OR_EXTERNAL_CANDIDATE,Canonical model/data artifact; preserve identity and decide LFS vs release asset.,False,False
dist/DamageACTU_G3_Parity_Execution_Bundle.bin,False,159185660,151.811275,289c5753051af703fa58baf37785d47269d058a1cf31217a2a299acfb15ea519,.bin,dist,HISTORICAL_PROVENANCE_CANDIDATE,Execution/debug/distribution provenance.,True,True
dist/DamageACTU_G3_Parity_Execution_Bundle/SHA256SUMS.json,False,1693,0.001615,9692e3ad17c2d96e60f571e62038cf538e93e0984c7b840128726ec7ca790550,.json,dist,HISTORICAL_PROVENANCE_CANDIDATE,Execution/debug/distribution provenance.,False,False
dist/DamageACTU_G3_Parity_Execution_Bundle/audit/g3_canonical_batch_replay_lock.json,False,3077,0.002934,78f6a5eda2aed875f7b65f08879c7ce85987766c9283e10f6ad7fc6a7547bef0,.json,dist,HISTORICAL_PROVENANCE_CANDIDATE,Execution/debug/distribution provenance.,False,False
dist/DamageACTU_G3_Parity_Execution_Bundle/audit/g3_clean_parity_panel_23.csv,False,5095,0.004859,2924bc88beeda3507c8cf2178db53c2d17eca7483c483a61ca59087a87636c43,.csv,dist,HISTORICAL_PROVENANCE_CANDIDATE,Execution/debug/distribution provenance.,False,False
dist/DamageACTU_G3_Parity_Execution_Bundle/audit/g3_clean_parity_selector_96.csv,False,12259,0.011691,131ede6d2c4bf3efbd0e62a219994bc8228457aeaeb6022e5068d1586ee97f03,.csv,dist,HISTORICAL_PROVENANCE_CANDIDATE,Execution/debug/distribution provenance.,False,False
dist/DamageACTU_G3_Parity_Execution_Bundle/audit/g3_parity_execution_protocol.json,False,3165,0.003018,112ade4ac863dd7bc7df03a6c2544be6b3757ca0034f864556738851b2d2409c,.json,dist,HISTORICAL_PROVENANCE_CANDIDATE,Execution/debug/distribution provenance.,False,False
dist/DamageACTU_G3_Parity_Execution_Bundle/audit/g3_parity_runner_manifest.json,False,1331,0.001269,24f93352d9faa35b0222e5f167eb92efdb4b4943170899feba39206b4077f953,.json,dist,HISTORICAL_PROVENANCE_CANDIDATE,Execution/debug/distribution provenance.,False,False
dist/DamageACTU_G3_Parity_Execution_Bundle/audit/g3_parity_selection_lock.json,False,2219,0.002116,cf463ca5d680ba7ede33d498350692e2782f5d716bc527629dd07a77e210883c,.json,dist,HISTORICAL_PROVENANCE_CANDIDATE,Execution/debug/distribution provenance.,False,False
dist/DamageACTU_G3_Parity_Execution_Bundle/manifests/buildings/event_test_buildings_rebuilt.csv.gz,False,44578997,42.513844,1dda199c0faa444e955ecf7b131872dc5c5a713482914e821cd916aea4b37a2a,.csv.gz,dist,HISTORICAL_PROVENANCE_CANDIDATE,Execution/debug/distribution provenance.,False,False
dist/DamageACTU_G3_Parity_Execution_Bundle/predictions/heldout_events/event_test_clean_expert_predictions.csv.gz,False,25722220,24.530621,f0657fc72629acb8730464897c44040cde65942966a81f47c956f3c5b1bb09f2,.csv.gz,dist,HISTORICAL_PROVENANCE_CANDIDATE,Execution/debug/distribution provenance.,False,False
dist/DamageACTU_G3_Parity_Execution_Bundle/scripts/g3_checkpoint_parity_t4.py,False,31668,0.030201,cda8f058123ecbe9f63e65ded32fc8ba8161654e07a0e769980f3ecb9fdc0ea9,.py,dist,HISTORICAL_PROVENANCE_CANDIDATE,Execution/debug/distribution provenance.,False,False
dist/DamageACTU_G3_Parity_Execution_Bundle/vendor/frozen_phase7d_source/src/models/damage_models.py,False,3166,0.003019,9f9ee3382902f339309ddf03a203b882d42e8674de7bf8ee3d18b14863478f2d,.py,dist,HISTORICAL_PROVENANCE_CANDIDATE,Execution/debug/distribution provenance.,False,False
dist/DamageACTU_G3_Parity_Input_Bundle/SHA256SUMS.json,False,1357,0.001294,05558de53b6bdc3a977e7ca43787388805ac00eb71cd2ce996a9bfe94af953b3,.json,dist,HISTORICAL_PROVENANCE_CANDIDATE,Execution/debug/distribution provenance.,False,False
dist/DamageACTU_G3_Parity_Input_Bundle/audit/g3_clean_parity_panel_23.csv,False,5095,0.004859,2924bc88beeda3507c8cf2178db53c2d17eca7483c483a61ca59087a87636c43,.csv,dist,HISTORICAL_PROVENANCE_CANDIDATE,Execution/debug/distribution provenance.,False,False
dist/DamageACTU_G3_Parity_Input_Bundle/audit/g3_clean_parity_selector_96.csv,False,12259,0.011691,131ede6d2c4bf3efbd0e62a219994bc8228457aeaeb6022e5068d1586ee97f03,.csv,dist,HISTORICAL_PROVENANCE_CANDIDATE,Execution/debug/distribution provenance.,False,False
dist/DamageACTU_G3_Parity_Input_Bundle/audit/g3_parity_execution_protocol.json,False,3165,0.003018,112ade4ac863dd7bc7df03a6c2544be6b3757ca0034f864556738851b2d2409c,.json,dist,HISTORICAL_PROVENANCE_CANDIDATE,Execution/debug/distribution provenance.,False,False
dist/DamageACTU_G3_Parity_Input_Bundle/audit/g3_parity_selection_lock.json,False,2219,0.002116,cf463ca5d680ba7ede33d498350692e2782f5d716bc527629dd07a77e210883c,.json,dist,HISTORICAL_PROVENANCE_CANDIDATE,Execution/debug/distribution provenance.,False,False
dist/DamageACTU_G3_Parity_Input_Bundle/manifests/buildings/event_test_buildings_rebuilt.csv.gz,False,44578997,42.513844,1dda199c0faa444e955ecf7b131872dc5c5a713482914e821cd916aea4b37a2a,.csv.gz,dist,HISTORICAL_PROVENANCE_CANDIDATE,Execution/debug/distribution provenance.,False,False
dist/DamageACTU_G3_Parity_Input_Bundle/predictions/heldout_events/event_test_clean_expert_predictions.csv.gz,False,25722220,24.530621,f0657fc72629acb8730464897c44040cde65942966a81f47c956f3c5b1bb09f2,.csv.gz,dist,HISTORICAL_PROVENANCE_CANDIDATE,Execution/debug/distribution provenance.,False,False
dist/DamageACTU_G3_Parity_Input_Bundle/vendor/frozen_phase7d_source/src/models/damage_models.py,False,3166,0.003019,9f9ee3382902f339309ddf03a203b882d42e8674de7bf8ee3d18b14863478f2d,.py,dist,HISTORICAL_PROVENANCE_CANDIDATE,Execution/debug/distribution provenance.,False,False
manifests/buildings/event_test_buildings_SEALED.csv.gz,False,44765683,42.691882,05546b6876cd3201eaa7a77ec31e96ce8ca18fb0ffa5e4cc3a9581a00ee0fcad,.csv.gz,manifests,CANONICAL_VERSION_CANDIDATE,Frozen Phase7C–7D evidence/source family.,False,False
manifests/buildings/event_test_buildings_rebuilt.csv.gz,False,44578997,42.513844,1dda199c0faa444e955ecf7b131872dc5c5a713482914e821cd916aea4b37a2a,.csv.gz,manifests,CANONICAL_VERSION_CANDIDATE,Frozen Phase7C–7D evidence/source family.,False,False
manifests/buildings/event_train_buildings.csv.gz,False,117156478,111.729124,c82b2743f857a11ed7b390a06b4b2b24e6bebdbd7e925585221c66ba5a60e9d4,.csv.gz,manifests,CANONICAL_VERSION_CANDIDATE,Frozen Phase7C–7D evidence/source family.,True,True
manifests/buildings/event_val_buildings.csv.gz,False,13872701,13.230039,44adcd20edcff627ef36ae9fbb7d259f0ca404ee86f343cea2313c6d3fefc35c,.csv.gz,manifests,CANONICAL_VERSION_CANDIDATE,Frozen Phase7C–7D evidence/source family.,False,False
manifests/event_split/phase7d_build_lock.json,False,2151,0.002051,1b3106fed81d4e98a0a0ca0ce55e77161aa5fa9b789316c6e5b567e8fa5a8ef4,.json,manifests,CANONICAL_VERSION_CANDIDATE,Frozen Phase7C–7D evidence/source family.,False,False
manifests/event_split/phase7d_frozen_unique_patch_roles.csv.gz,False,64293,0.061315,7a396d0c61c6a78151a58b2c62dd016786ab1c4f9dd85f05eed5bde430ee4f05,.csv.gz,manifests,CANONICAL_VERSION_CANDIDATE,Frozen Phase7C–7D evidence/source family.,False,False
manifests/router/inner_neural_split_assignments.csv.gz,False,414894,0.395674,9887ce0cdff5d9c6fcab3b05089b9412af9d8c9722e7b826ea2edf23dbf31188,.csv.gz,manifests,CANONICAL_VERSION_CANDIDATE,Frozen Phase7C–7D evidence/source family.,False,False
manifests/router/outer_split_assignments.csv.gz,False,752929,0.718049,6f4c3050a91d2d772c4ea6d59ccf8e338b47deb661ecc98824fd540ce5feddf1,.csv.gz,manifests,CANONICAL_VERSION_CANDIDATE,Frozen Phase7C–7D evidence/source family.,False,False
manifests/wrong_pre/event_val_hard_wrongpre_donor_map.csv.gz,False,1224756,1.168018,4bfb7d73e5cec58a70977ce719cb32f33e15b6e8f06edf917392f218801905a6,.csv.gz,manifests,CANONICAL_VERSION_CANDIDATE,Frozen Phase7C–7D evidence/source family.,False,False
manifests/wrong_pre/test_hard_wrongpre_donor_map.csv.gz,False,5198039,4.957236,c3b446b209ae42535ccdf1df35be4e4dd257cd2e0be4c6da2078e87000c67017,.csv.gz,manifests,CANONICAL_VERSION_CANDIDATE,Frozen Phase7C–7D evidence/source family.,False,False
predictions/development/event_val_post_only_predictions.csv.gz,False,3243477,3.093221,e7c4081f0f754c5f867fcc94be2a6c62b96a409937fd098e3bd5222c43fdfe50,.csv.gz,predictions,RELEASE_LFS_OR_EXTERNAL_CANDIDATE,Canonical model/data artifact; preserve identity and decide LFS vs release asset.,False,False
predictions/development/event_val_siamese_predictions.csv.gz,False,3249333,3.098805,a261bd855d81e71110459ca145060fea910b803f472675917f3c578d5c3b3fed,.csv.gz,predictions,RELEASE_LFS_OR_EXTERNAL_CANDIDATE,Canonical model/data artifact; preserve identity and decide LFS vs release asset.,False,False
predictions/development/event_val_siamese_wrongpre_predictions.csv.gz,False,3249120,3.098602,64938aaba097aa18f21f31a5813cb82301ea5ef862194b5509ff8840a566d17d,.csv.gz,predictions,RELEASE_LFS_OR_EXTERNAL_CANDIDATE,Canonical model/data artifact; preserve identity and decide LFS vs release asset.,False,False
predictions/heldout_events/event_test_clean_expert_predictions.csv.gz,False,25722220,24.530621,f0657fc72629acb8730464897c44040cde65942966a81f47c956f3c5b1bb09f2,.csv.gz,predictions,RELEASE_LFS_OR_EXTERNAL_CANDIDATE,Canonical model/data artifact; preserve identity and decide LFS vs release asset.,False,False
predictions/heldout_events/event_test_wrongpre_siamese_predictions.csv.gz,False,14677035,13.997111,5b85ea8ea298e3e840ea23b24731ba5b330a352fbb9993fd272a5a64bc027231,.csv.gz,predictions,RELEASE_LFS_OR_EXTERNAL_CANDIDATE,Canonical model/data artifact; preserve identity and decide LFS vs release asset.,False,False
results/development/neural_epoch_selection_history.csv,False,12504,0.011925,a819635542e25cbdc13f0dcdf795d3a9608d8f75b85ada352816cd818be63ad0,.csv,results,CANONICAL_VERSION_CANDIDATE,Frozen Phase7C–7D evidence/source family.,False,False
results/development/neural_utility_diagnostics.json,False,757,0.000722,12792cb751e5fe5d912252405b78b2107c10155d60592e168ec87803531c6b6b,.json,results,CANONICAL_VERSION_CANDIDATE,Frozen Phase7C–7D evidence/source family.,False,False
results/development/phase7c_integrity_checks.csv,False,1364,0.001301,ef543cbb0e26c44def2843917262eaa4c9626ff4e419623a60a6d741ec3542a2,.csv,results,CANONICAL_VERSION_CANDIDATE,Frozen Phase7C–7D evidence/source family.,False,False
results/development/phase7c_results_index.json,False,2131,0.002032,f3b3a4e56132247693ddd741d5289b2dec07b20378a6277ec245b7dc789182a6,.json,results,CANONICAL_VERSION_CANDIDATE,Frozen Phase7C–7D evidence/source family.,False,False
results/development/phase7d_a_integrity_checks.csv,False,1481,0.001412,5d65f7e70dd26d41f82f56ff016e75a1e73949e29b1759e1453ebafffc71dec5,.csv,results,CANONICAL_VERSION_CANDIDATE,Frozen Phase7C–7D evidence/source family.,False,False
results/development/phase7d_a_results_index.json,False,1878,0.001791,9bf205355896f363f02f29850c84d9db7ce51df6e92b8448ecc380de369cd574,.json,results,CANONICAL_VERSION_CANDIDATE,Frozen Phase7C–7D evidence/source family.,False,False
results/development/phase7d_b_environment.json,False,460,0.000439,eb5c1e87367ff9de2e80945ea877607806bb69ebc703beddcc64823a23052ec1,.json,results,CANONICAL_VERSION_CANDIDATE,Frozen Phase7C–7D evidence/source family.,False,False
results/development/phase7d_b_results_index.json,False,2647,0.002524,4086d9a4c59c1f43027fbd6782553bc63e1939530b846fd4c91c0a26d7a0d301,.json,results,CANONICAL_VERSION_CANDIDATE,Frozen Phase7C–7D evidence/source family.,False,False
results/development/phase7d_b_training_history.csv,False,1285,0.001225,c4f2e7cf5ec16fa36b6176f1b77cdef9fed1f5f8f285126a144d032670f6f51a,.csv,results,CANONICAL_VERSION_CANDIDATE,Frozen Phase7C–7D evidence/source family.,False,False
results/development/phase7d_b_wrongpre_metrics.json,False,331,0.000316,d66d0e4b630703a54d73086d14953a56286afc0b945ac08e479c1baf284343fe,.json,results,CANONICAL_VERSION_CANDIDATE,Frozen Phase7C–7D evidence/source family.,False,False
results/development/phase7d_c_results_index.json,False,828,0.00079,b14b6f44b8a4a759ab3be6a03ab19ea8685e4ee97e3e5545258d3c3c166adace,.json,results,CANONICAL_VERSION_CANDIDATE,Frozen Phase7C–7D evidence/source family.,False,False
results/development/phase7d_c_selection_index.json,False,1271,0.001212,3138d5251b0dc21c9f01559665f3bf62ce27dfa1e3b4f0b6bf959594e523717e,.json,results,CANONICAL_VERSION_CANDIDATE,Frozen Phase7C–7D evidence/source family.,False,False
results/development/phase7d_c_selection_protocol.json,False,3360,0.003204,f7308dc61dc32df3c16e77c441b98e72eadf14a110c520bb9070c5a07b7e54d6,.json,results,CANONICAL_VERSION_CANDIDATE,Frozen Phase7C–7D evidence/source family.,False,False
results/development/router_diag_metrics.csv,False,2904,0.002769,2f76a53f331d8f96b07711295f1607659cdc81aec7a7207e879607089874f9b2,.csv,results,CANONICAL_VERSION_CANDIDATE,Frozen Phase7C–7D evidence/source family.,False,False
results/development/router_diag_per_class_f1.csv,False,4180,0.003986,40abc12060400fe83205ee02a56908ff549b5b6c5182fab2adbdfadec7c1436e,.csv,results,CANONICAL_VERSION_CANDIDATE,Frozen Phase7C–7D evidence/source family.,False,False
results/development/router_diag_scene_bootstrap.csv,False,1656,0.001579,2ec39b351448fb0083506e00b310a11eb0b3b6177b438b93b687a34c081c49b3,.csv,results,CANONICAL_VERSION_CANDIDATE,Frozen Phase7C–7D evidence/source family.,False,False
results/development/static_alpha_selection.csv,False,656,0.000626,563858b3481efbc4139c0b7195b650d5b606bbff0d776b8995a93220a1897dcc,.csv,results,CANONICAL_VERSION_CANDIDATE,Frozen Phase7C–7D evidence/source family.,False,False
results/heldout_events/phase7d_d_protocol_record.json,False,937,0.000894,1fffb11cbbb09dd7c2790d0fd46fda153a402f06afff2d0907e154300268985c,.json,results,CANONICAL_VERSION_CANDIDATE,Frozen Phase7C–7D evidence/source family.,False,False
results/heldout_events/results_index.json,False,1711,0.001632,c9b0537a75f60f1d0f4f9a6b93141bece0a6cf3447c88fd603ec6f6fdcd23146,.json,results,CANONICAL_VERSION_CANDIDATE,Frozen Phase7C–7D evidence/source family.,False,False
results/heldout_events/test_event_macro_summary.csv,False,842,0.000803,3ed8b2a05f9cd882759c5562784547cb7332fdf0d9d1e44c7c48a410a914b006,.csv,results,CANONICAL_VERSION_CANDIDATE,Frozen Phase7C–7D evidence/source family.,False,False
results/heldout_events/test_leave_one_event_out.csv,False,3781,0.003606,a41b9ca215451704a57c2496553148bb86265cb1dedd709d314f9a07b3ff231a,.csv,results,CANONICAL_VERSION_CANDIDATE,Frozen Phase7C–7D evidence/source family.,False,False
results/heldout_events/test_metrics_all_conditions.csv,False,3000,0.002861,cf9ee06bc1c7fa0f166daa6fad1c340e75f835cf680eb92e52beb45bae11cc0c,.csv,results,CANONICAL_VERSION_CANDIDATE,Frozen Phase7C–7D evidence/source family.,False,False
results/heldout_events/test_metrics_clean.csv,False,1014,0.000967,cb8a0bb58acc76375b948ff9c6d44ecc333153f01ba7a503e7da1fc82215bcfc,.csv,results,CANONICAL_VERSION_CANDIDATE,Frozen Phase7C–7D evidence/source family.,False,False
results/heldout_events/test_neural_utility.json,False,744,0.00071,073f7a945fd898c8bbe318f060fa0ebfbf5e12199662c9d20a9b4d2db2235901,.json,results,CANONICAL_VERSION_CANDIDATE,Frozen Phase7C–7D evidence/source family.,False,False
results/heldout_events/test_per_class_f1_all_conditions.csv,False,4471,0.004264,34b1930d007cea21c10336dd5f95e391130b3e3f66cfeee24cd0c30d306c27bc,.csv,results,CANONICAL_VERSION_CANDIDATE,Frozen Phase7C–7D evidence/source family.,False,False
results/heldout_events/test_per_event_metrics.csv,False,6066,0.005785,74309091addcfc9ac0858e578e908d0c653cd988b7006f24fdd88af70f09150b,.csv,results,CANONICAL_VERSION_CANDIDATE,Frozen Phase7C–7D evidence/source family.,False,False
results/heldout_events/test_scene_bootstrap_all.csv,False,1633,0.001557,7330b9341fb6707bab08ec633b8ac060dec71d8346441a45ecd880330e3f4504,.csv,results,CANONICAL_VERSION_CANDIDATE,Frozen Phase7C–7D evidence/source family.,False,False
results/reproduction_report.json,False,307,0.000293,12983165ac411d6544fd75edbc526cfa35941fd382f1b48b183e37a6b31a1a11,.json,results,GENERATED_OR_TEMP_CANDIDATE,Generated report; decide versioned expected output vs regenerated release output.,False,False
scripts/g3_checkpoint_parity_t4.synthetic96.pre_replay.py,False,24011,0.022899,6358fea71cf4d28c1cb70a02ac4b416d0f49d1e9f5b1c3f41a9abdf8998b89c1,.synthetic96.pre_replay.py,scripts,HISTORICAL_PROVENANCE_CANDIDATE,Execution/debug/distribution provenance.,False,False
scripts/patch_g3_runner_for_canonical_replay.py,False,21866,0.020853,9196ab8b4f358601dded3a62eadcd0e4c2ac1d09fa41a9275fccf1b228a87f6e,.py,scripts,HISTORICAL_PROVENANCE_CANDIDATE,Execution/debug/distribution provenance.,False,False
scripts/restore_canonical_artifacts_v2.py,False,17099,0.016307,65a830aeecd3c890ee419063ac399735079e6508ceddb4a188e3d11e3916f6eb,.py,scripts,REVIEW_MANUALLY,Important restoration/verification artifact; decide canonical tooling vs provenance.,False,False
scripts/verify_restored_evidence_v2.py,False,7939,0.007571,da27af2698145afafeeaa0efa5d0e7e4eb810ac57f82af0504460bd3798aafb8,.py,scripts,REVIEW_MANUALLY,Important restoration/verification artifact; decide canonical tooling vs provenance.,False,False
vendor/frozen_phase7d_source/src/models/damage_models.py,False,3166,0.003019,9f9ee3382902f339309ddf03a203b882d42e8674de7bf8ee3d18b14863478f2d,.py,vendor,CANONICAL_VERSION_CANDIDATE,Frozen Phase7C–7D evidence/source family.,False,False
